"obs_site","ant","tag_id","run","rel_site","subbasin_name","rel_date","etype","date","rtype","length","transported","species"
"GRJ","ADULT FISH RETURN","3DD.00773DBFDE","Summer","ALTULC","Upper Salmon","2014-05-14","Observation","2014-05-21 16:08:25","W",73,FALSE,"sockeye"
"GOJ","DIVERSION SBYC GATE","3DD.00773DEAEB","Summer","ALTULC","Upper Salmon","2014-05-20","Observation","2014-05-30 23:07:14","W",89,FALSE,"sockeye"
"GOJ","DIVERSION RIVER EXIT","3DD.00773DEAEB","Summer","ALTULC","Upper Salmon","2014-05-20","Observation","2014-05-30 23:07:17","W",89,FALSE,"sockeye"
"MCJ","FULL FLOW BYPASS","3DD.00773DEAEB","Summer","ALTULC","Upper Salmon","2014-05-20","Observation","2014-06-07 01:44:43","W",89,FALSE,"sockeye"
"MCJ","FULL FLOW BYPASS","3DD.00773DEAEB","Summer","ALTULC","Upper Salmon","2014-05-20","Observation","2014-06-07 01:44:46","W",89,FALSE,"sockeye"
"JDJ","RIVER EXIT","3DD.00773DEAEB","Summer","ALTULC","Upper Salmon","2014-05-20","Observation","2014-06-09 00:30:38","W",89,FALSE,"sockeye"
"JDJ","RIVER EXIT","3DD.00773DEAEB","Summer","ALTULC","Upper Salmon","2014-05-20","Observation","2014-06-09 00:30:39","W",89,FALSE,"sockeye"
"GRJ","DIVERSION / SBYC GATE","3DD.00773DB7F7","Summer","PETTLC","Upper Salmon","2014-05-13","Observation","2014-05-22 03:13:56","W",110,FALSE,"sockeye"
"GRJ","DIVERSION RIVER EXIT","3DD.00773DB7F7","Summer","PETTLC","Upper Salmon","2014-05-13","Observation","2014-05-22 03:13:58","W",110,FALSE,"sockeye"
"GOJ","DIVERSION RIVER EXIT","3DD.00773DB7F7","Summer","PETTLC","Upper Salmon","2014-05-13","Observation","2014-05-23 20:36:33","W",110,FALSE,"sockeye"
"GOJ","DIVERSION RIVER EXIT","3DD.00773DB7F7","Summer","PETTLC","Upper Salmon","2014-05-13","Observation","2014-05-23 20:36:34","W",110,FALSE,"sockeye"
"GOJ","ADULT FISH RETURN","3DD.00773DBA04","Summer","PETTLC","Upper Salmon","2014-05-15","Observation","2014-05-26 01:55:20","W",113,FALSE,"sockeye"
"GOJ","ADULT FISH RETURN","3DD.00773DBA04","Summer","PETTLC","Upper Salmon","2014-05-15","Observation","2014-05-26 01:55:21","W",113,FALSE,"sockeye"
"LMJ","B-DIVERSION","3DD.00773DBA04","Summer","PETTLC","Upper Salmon","2014-05-15","Observation","2014-05-27 12:21:04","W",113,FALSE,"sockeye"
"LMJ","DIVERSION RIVER EXIT","3DD.00773DBA04","Summer","PETTLC","Upper Salmon","2014-05-15","Observation","2014-05-28 20:20:54","W",113,FALSE,"sockeye"
"GOJ","DIVERSION SBYC GATE","3DD.00773DBAA4","Summer","PETTLC","Upper Salmon","2014-05-13","Observation","2014-05-26 12:32:14","W",105,FALSE,"sockeye"
"GOJ","DIVERSION RIVER EXIT","3DD.00773DBAA4","Summer","PETTLC","Upper Salmon","2014-05-13","Observation","2014-05-26 12:32:17","W",105,FALSE,"sockeye"
"GRJ","DIVERSION / SBYC GATE","3DD.00773DBBE1","Summer","PETTLC","Upper Salmon","2014-05-13","Observation","2014-05-24 22:34:44","W",126,FALSE,"sockeye"
"GRJ","DIVERSION RIVER EXIT","3DD.00773DBBE1","Summer","PETTLC","Upper Salmon","2014-05-13","Observation","2014-05-24 22:34:46","W",126,FALSE,"sockeye"
"GRJ","DIVERSION / SBYC GATE","3DD.00773DBD23","Summer","PETTLC","Upper Salmon","2014-05-13","Observation","2014-05-23 12:52:21","W",120,FALSE,"sockeye"
"GRJ","DIVERSION RIVER EXIT","3DD.00773DBD23","Summer","PETTLC","Upper Salmon","2014-05-13","Observation","2014-05-23 12:52:23","W",120,FALSE,"sockeye"
"LMJ","A-DIVERSION","3DD.00773DBD23","Summer","PETTLC","Upper Salmon","2014-05-13","Observation","2014-05-26 00:15:16","W",120,FALSE,"sockeye"
"LMJ","DIVERSION RIVER EXIT","3DD.00773DBD23","Summer","PETTLC","Upper Salmon","2014-05-13","Observation","2014-05-26 00:18:38","W",120,FALSE,"sockeye"
"GRJ","DIVERSION RIVER EXIT","3DD.00773DC031","Summer","PETTLC","Upper Salmon","2014-05-13","Observation","2014-05-22 21:47:16","W",107,FALSE,"sockeye"
"GRJ","DIVERSION RIVER EXIT","3DD.00773DC031","Summer","PETTLC","Upper Salmon","2014-05-13","Observation","2014-05-22 21:47:17","W",107,FALSE,"sockeye"
"LMJ","B-DIVERSION","3DD.00773DC031","Summer","PETTLC","Upper Salmon","2014-05-13","Observation","2014-05-25 20:20:07","W",107,FALSE,"sockeye"
"LMJ","DIVERSION RIVER EXIT","3DD.00773DC031","Summer","PETTLC","Upper Salmon","2014-05-13","Observation","2014-05-25 20:21:28","W",107,FALSE,"sockeye"
"GOJ","DIVERSION RIVER EXIT","3DD.00773DC4A9","Summer","PETTLC","Upper Salmon","2014-05-11","Observation","2014-05-25 15:51:09","W",109,FALSE,"sockeye"
"GOJ","DIVERSION RIVER EXIT","3DD.00773DC4A9","Summer","PETTLC","Upper Salmon","2014-05-11","Observation","2014-05-25 15:51:10","W",109,FALSE,"sockeye"
"GRJ","DIVERSION / SBYC GATE","3DD.00773DCA04","Summer","PETTLC","Upper Salmon","2014-05-12","Observation","2014-05-23 04:18:17","W",121,FALSE,"sockeye"
"GRJ","DIVERSION RIVER EXIT","3DD.00773DCA04","Summer","PETTLC","Upper Salmon","2014-05-12","Observation","2014-05-23 04:18:19","W",121,FALSE,"sockeye"
"GRJ","DIVERSION / SBYC GATE","3DD.00773DCBBC","Summer","PETTLC","Upper Salmon","2014-05-20","Observation","2014-06-11 00:41:07","W",117,FALSE,"sockeye"
"GRJ","DIVERSION RIVER EXIT","3DD.00773DCBBC","Summer","PETTLC","Upper Salmon","2014-05-20","Observation","2014-06-11 00:41:09","W",117,FALSE,"sockeye"
"GOJ","DIVERSION SBYC GATE","3DD.00773DCBBC","Summer","PETTLC","Upper Salmon","2014-05-20","Observation","2014-06-12 22:47:50","W",117,FALSE,"sockeye"
"GOJ","DIVERSION RIVER EXIT","3DD.00773DCBBC","Summer","PETTLC","Upper Salmon","2014-05-20","Observation","2014-06-12 22:47:52","W",117,FALSE,"sockeye"
"GRJ","DIVERSION / SBYC GATE","3DD.00773DD227","Summer","PETTLC","Upper Salmon","2014-05-13","Observation","2014-05-21 13:53:48","W",117,FALSE,"sockeye"
"GRJ","DIVERSION RIVER EXIT","3DD.00773DD227","Summer","PETTLC","Upper Salmon","2014-05-13","Observation","2014-05-21 13:53:50","W",117,FALSE,"sockeye"
"GOJ","DIVERSION SBYC GATE","3DD.00773DD227","Summer","PETTLC","Upper Salmon","2014-05-13","Observation","2014-05-23 20:52:50","W",117,FALSE,"sockeye"
"GOJ","DIVERSION RIVER EXIT","3DD.00773DD227","Summer","PETTLC","Upper Salmon","2014-05-13","Observation","2014-05-23 20:52:53","W",117,FALSE,"sockeye"
"LMJ","B-DIVERSION","3DD.00773DD227","Summer","PETTLC","Upper Salmon","2014-05-13","Observation","2014-05-24 20:55:12","W",117,FALSE,"sockeye"
"LMJ","DIVERSION RIVER EXIT","3DD.00773DD227","Summer","PETTLC","Upper Salmon","2014-05-13","Observation","2014-05-24 20:56:27","W",117,FALSE,"sockeye"
"GRJ","ADULT FISH RETURN","3DD.00773DD50D","Summer","PETTLC","Upper Salmon","2014-05-15","Observation","2014-05-24 20:28:47","W",117,FALSE,"sockeye"
"GRJ","DIVERSION / SBYC GATE","3DD.00773DD78D","Summer","PETTLC","Upper Salmon","2014-05-13","Observation","2014-05-22 21:14:52","W",119,FALSE,"sockeye"
"GRJ","DIVERSION RIVER EXIT","3DD.00773DD78D","Summer","PETTLC","Upper Salmon","2014-05-13","Observation","2014-05-22 21:14:54","W",119,FALSE,"sockeye"
"LMJ","B-DIVERSION","3DD.00773DD78D","Summer","PETTLC","Upper Salmon","2014-05-13","Observation","2014-05-25 20:06:50","W",119,FALSE,"sockeye"
"LMJ","DIVERSION RIVER EXIT","3DD.00773DD78D","Summer","PETTLC","Upper Salmon","2014-05-13","Observation","2014-05-25 20:48:12","W",119,FALSE,"sockeye"
"TWX","MATRIX TRAWL [CURRENT]","3DD.00773DD78D","Summer","PETTLC","Upper Salmon","2014-05-13","Observation","2014-05-31 06:24:05","W",119,FALSE,"sockeye"
"TWX","MATRIX TRAWL [CURRENT]","3DD.00773DD78D","Summer","PETTLC","Upper Salmon","2014-05-13","Observation","2014-05-31 06:25:34","W",119,FALSE,"sockeye"
"GRJ","DIVERSION RIVER EXIT","3DD.00773DD825","Summer","PETTLC","Upper Salmon","2014-05-17","Observation","2014-06-03 00:29:46","W",116,FALSE,"sockeye"
"GRJ","DIVERSION RIVER EXIT","3DD.00773DD825","Summer","PETTLC","Upper Salmon","2014-05-17","Observation","2014-06-03 00:29:47","W",116,FALSE,"sockeye"
"GOJ","FULL FLOW BYPASS","3DD.00773DDBD0","Summer","PETTLC","Upper Salmon","2014-05-20","Observation","2014-05-31 20:28:36","W",128,FALSE,"sockeye"
"GOJ","ADULT FISH RETURN","3DD.00773DDBD0","Summer","PETTLC","Upper Salmon","2014-05-20","Observation","2014-05-31 21:33:57","W",128,FALSE,"sockeye"
"GOJ","FULL FLOW BYPASS","3DD.00773DDBF0","Summer","PETTLC","Upper Salmon","2014-05-12","Observation","2014-05-24 21:05:53","W",116,FALSE,"sockeye"
"GOJ","DIVERSION SBYC GATE","3DD.00773DDBF0","Summer","PETTLC","Upper Salmon","2014-05-12","Observation","2014-05-25 23:05:35","W",116,FALSE,"sockeye"
"GOJ","DIVERSION RIVER EXIT","3DD.00773DDBF0","Summer","PETTLC","Upper Salmon","2014-05-12","Observation","2014-05-25 23:05:38","W",116,FALSE,"sockeye"
"GRJ","DIVERSION / SBYC GATE","3DD.00773DE8A3","Summer","PETTLC","Upper Salmon","2014-05-14","Observation","2014-05-24 02:53:33","W",114,FALSE,"sockeye"
"GRJ","DIVERSION RIVER EXIT","3DD.00773DE8A3","Summer","PETTLC","Upper Salmon","2014-05-14","Observation","2014-05-24 02:53:35","W",114,FALSE,"sockeye"
"ICHFFB","FULL FLOW BYPASS","3DD.00773DE8A3","Summer","PETTLC","Upper Salmon","2014-05-14","Observation","2014-05-27 01:29:35","W",114,FALSE,"sockeye"
"ICHFFB","FULL FLOW BYPASS","3DD.00773DE8A3","Summer","PETTLC","Upper Salmon","2014-05-14","Observation","2014-05-27 01:29:37","W",114,FALSE,"sockeye"
"GOJ","DIVERSION SBYC GATE","3DD.00773DEA54","Summer","PETTLC","Upper Salmon","2014-05-13","Observation","2014-05-25 06:50:43","W",116,FALSE,"sockeye"
"GOJ","DIVERSION RIVER EXIT","3DD.00773DEA54","Summer","PETTLC","Upper Salmon","2014-05-13","Observation","2014-05-25 06:50:46","W",116,FALSE,"sockeye"
"BCC","15X15 FULL-FLOW ANTENNA","3DD.00773DF04D","Summer","PETTLC","Upper Salmon","2014-05-14","Observation","2014-06-01 20:36:41","W",110,FALSE,"sockeye"
"GRJ","DIVERSION / SBYC GATE","3DD.00773DF12D","Summer","PETTLC","Upper Salmon","2014-05-14","Observation","2014-05-22 16:20:00","W",114,FALSE,"sockeye"
"GRJ","DIVERSION RIVER EXIT","3DD.00773DF12D","Summer","PETTLC","Upper Salmon","2014-05-14","Observation","2014-05-22 16:20:02","W",114,FALSE,"sockeye"
"GOJ","DIVERSION SBYC GATE","3DD.00773DF12D","Summer","PETTLC","Upper Salmon","2014-05-14","Observation","2014-05-24 16:20:21","W",114,FALSE,"sockeye"
"GOJ","DIVERSION RIVER EXIT","3DD.00773DF12D","Summer","PETTLC","Upper Salmon","2014-05-14","Observation","2014-05-24 16:20:23","W",114,FALSE,"sockeye"
"LMJ","A-DIVERSION","3DD.00773DF12D","Summer","PETTLC","Upper Salmon","2014-05-14","Observation","2014-05-25 20:14:12","W",114,FALSE,"sockeye"
"LMJ","DIVERSION RIVER EXIT","3DD.00773DF12D","Summer","PETTLC","Upper Salmon","2014-05-14","Observation","2014-05-25 20:15:20","W",114,FALSE,"sockeye"
"MCJ","RIVER EXIT","3DD.00773DF12D","Summer","PETTLC","Upper Salmon","2014-05-14","Observation","2014-05-28 20:10:14","W",114,FALSE,"sockeye"
"MCJ","RIVER EXIT","3DD.00773DF12D","Summer","PETTLC","Upper Salmon","2014-05-14","Observation","2014-05-28 20:10:15","W",114,FALSE,"sockeye"
"GRJ","DIVERSION / SBYC GATE","3DD.00773DF384","Summer","PETTLC","Upper Salmon","2014-05-15","Observation","2014-05-23 20:14:35","W",128,FALSE,"sockeye"
"GRJ","DIVERSION RIVER EXIT","3DD.00773DF384","Summer","PETTLC","Upper Salmon","2014-05-15","Observation","2014-05-23 20:14:37","W",128,FALSE,"sockeye"
"GOJ","DIVERSION RIVER EXIT","3DD.00773DF384","Summer","PETTLC","Upper Salmon","2014-05-15","Observation","2014-05-25 13:55:29","W",128,FALSE,"sockeye"
"GOJ","DIVERSION RIVER EXIT","3DD.00773DF384","Summer","PETTLC","Upper Salmon","2014-05-15","Observation","2014-05-25 13:55:30","W",128,FALSE,"sockeye"
"TWX","MATRIX TRAWL [CURRENT]","3DD.00773DF384","Summer","PETTLC","Upper Salmon","2014-05-15","Observation","2014-06-01 06:27:19","W",128,FALSE,"sockeye"
"GOJ","DIVERSION RIVER EXIT","3DD.00773DF755","Summer","PETTLC","Upper Salmon","2014-05-13","Observation","2014-05-24 21:24:21","W",112,FALSE,"sockeye"
"GOJ","DIVERSION RIVER EXIT","3DD.00773DF755","Summer","PETTLC","Upper Salmon","2014-05-13","Observation","2014-05-24 21:24:22","W",112,FALSE,"sockeye"
"LMJ","FULL FLOW BYPASS","3DD.00773DF755","Summer","PETTLC","Upper Salmon","2014-05-13","Observation","2014-05-25 19:41:20","W",112,FALSE,"sockeye"
"LMJ","ADULT FISH RETURN","3DD.00773DF755","Summer","PETTLC","Upper Salmon","2014-05-13","Observation","2014-05-25 19:42:42","W",112,FALSE,"sockeye"
"GRJ","DIVERSION / SBYC GATE","3DD.00773DFAB5","Summer","PETTLC","Upper Salmon","2014-05-14","Observation","2014-05-28 10:47:47","W",117,FALSE,"sockeye"
"GRJ","DIVERSION RIVER EXIT","3DD.00773DFAB5","Summer","PETTLC","Upper Salmon","2014-05-14","Observation","2014-05-28 10:47:49","W",117,FALSE,"sockeye"
"GOJ","FULL FLOW BYPASS","3DD.00773DFAB5","Summer","PETTLC","Upper Salmon","2014-05-14","Observation","2014-05-30 21:45:18","W",117,FALSE,"sockeye"
"GOJ","ADULT FISH RETURN","3DD.00773DFAB5","Summer","PETTLC","Upper Salmon","2014-05-14","Observation","2014-05-30 21:51:06","W",117,FALSE,"sockeye"
"LMJ","B-DIVERSION","3DD.00773DFAB5","Summer","PETTLC","Upper Salmon","2014-05-14","Observation","2014-06-01 20:46:36","W",117,FALSE,"sockeye"
"LMJ","DIVERSION RIVER EXIT","3DD.00773DFAB5","Summer","PETTLC","Upper Salmon","2014-05-14","Observation","2014-06-01 22:49:06","W",117,FALSE,"sockeye"
"GRJ","DIVERSION / SBYC GATE","3DD.00773DFB5E","Summer","PETTLC","Upper Salmon","2014-05-12","Observation","2014-05-23 21:37:03","W",111,FALSE,"sockeye"
"GRJ","DIVERSION RIVER EXIT","3DD.00773DFB5E","Summer","PETTLC","Upper Salmon","2014-05-12","Observation","2014-05-23 21:37:05","W",111,FALSE,"sockeye"
"BCC","15X15 FULL-FLOW ANTENNA","3DD.00773DFB5E","Summer","PETTLC","Upper Salmon","2014-05-12","Observation","2014-06-01 10:11:07","W",111,FALSE,"sockeye"
"LMJ","B-DIVERSION","3DD.00773DFD05","Summer","PETTLC","Upper Salmon","2014-05-12","Observation","2014-05-27 04:12:49","W",126,FALSE,"sockeye"
"LMJ","DIVERSION RIVER EXIT","3DD.00773DFD05","Summer","PETTLC","Upper Salmon","2014-05-12","Observation","2014-05-27 04:53:40","W",126,FALSE,"sockeye"
"LGRRRR",NA,"3DD.00773DFFF0","Summer","PETTLC","Upper Salmon","2014-05-13","Recapture","2014-04-22 00:00:00","W",125,FALSE,"sockeye"
"GRJ","DIVERSION / SBYC GATE","3DD.00773DFFF0","Summer","PETTLC","Upper Salmon","2014-05-13","Observation","2014-05-22 20:08:46","W",125,FALSE,"sockeye"
"GRJ","SBYC GATE","3DD.00773DFFF0","Summer","PETTLC","Upper Salmon","2014-05-13","Observation","2014-05-22 20:08:59","W",125,FALSE,"sockeye"
"GRJ","DIVERSION / SBYC GATE","3DD.00773E0005","Summer","PETTLC","Upper Salmon","2014-05-12","Observation","2014-05-22 23:12:56","W",113,FALSE,"sockeye"
"GRJ","DIVERSION RIVER EXIT","3DD.00773E0005","Summer","PETTLC","Upper Salmon","2014-05-12","Observation","2014-05-22 23:12:58","W",113,FALSE,"sockeye"
"LMJ","B-DIVERSION","3DD.00773E0005","Summer","PETTLC","Upper Salmon","2014-05-12","Observation","2014-05-25 08:02:51","W",113,FALSE,"sockeye"
"LMJ","DIVERSION RIVER EXIT","3DD.00773E0005","Summer","PETTLC","Upper Salmon","2014-05-12","Observation","2014-05-25 22:11:56","W",113,FALSE,"sockeye"
"GRJ","DIVERSION / SBYC GATE","3DD.00773E0440","Summer","PETTLC","Upper Salmon","2014-05-10","Observation","2014-05-21 20:43:18","W",118,FALSE,"sockeye"
"GRJ","DIVERSION RIVER EXIT","3DD.00773E0440","Summer","PETTLC","Upper Salmon","2014-05-10","Observation","2014-05-21 20:43:20","W",118,FALSE,"sockeye"
"GRJ","DIVERSION / SBYC GATE","3DD.00773E0527","Summer","PETTLC","Upper Salmon","2014-05-13","Observation","2014-05-25 03:39:45","W",107,FALSE,"sockeye"
"GRJ","DIVERSION RIVER EXIT","3DD.00773E0527","Summer","PETTLC","Upper Salmon","2014-05-13","Observation","2014-05-25 03:39:47","W",107,FALSE,"sockeye"
"MCJ","RIVER EXIT","3DD.00773E0527","Summer","PETTLC","Upper Salmon","2014-05-13","Observation","2014-05-30 07:34:00","W",107,FALSE,"sockeye"
"MCJ","RIVER EXIT","3DD.00773E0527","Summer","PETTLC","Upper Salmon","2014-05-13","Observation","2014-05-30 07:34:02","W",107,FALSE,"sockeye"
"JDJ","RIVER EXIT","3DD.00773E0527","Summer","PETTLC","Upper Salmon","2014-05-13","Observation","2014-06-01 14:22:44","W",107,FALSE,"sockeye"
"JDJ","RIVER EXIT","3DD.00773E0527","Summer","PETTLC","Upper Salmon","2014-05-13","Observation","2014-06-01 14:22:45","W",107,FALSE,"sockeye"
"GRJ","DIVERSION / SBYC GATE","3DD.00773E0691","Summer","PETTLC","Upper Salmon","2014-05-15","Observation","2014-05-24 21:37:45","W",121,FALSE,"sockeye"
"GRJ","DIVERSION RIVER EXIT","3DD.00773E0691","Summer","PETTLC","Upper Salmon","2014-05-15","Observation","2014-05-24 21:37:47","W",121,FALSE,"sockeye"
"GOJ","DIVERSION RIVER EXIT","3DD.00773E0691","Summer","PETTLC","Upper Salmon","2014-05-15","Observation","2014-05-25 22:42:59","W",121,FALSE,"sockeye"
"GOJ","DIVERSION RIVER EXIT","3DD.00773E0691","Summer","PETTLC","Upper Salmon","2014-05-15","Observation","2014-05-25 22:43:00","W",121,FALSE,"sockeye"
"LMJ","B-DIVERSION","3DD.00773E0691","Summer","PETTLC","Upper Salmon","2014-05-15","Observation","2014-05-26 19:06:39","W",121,FALSE,"sockeye"
"LMJ","DIVERSION RIVER EXIT","3DD.00773E0691","Summer","PETTLC","Upper Salmon","2014-05-15","Observation","2014-05-26 19:16:01","W",121,FALSE,"sockeye"
"JDJ","RIVER EXIT","3DD.00773E0691","Summer","PETTLC","Upper Salmon","2014-05-15","Observation","2014-05-31 06:27:21","W",121,FALSE,"sockeye"
"JDJ","RIVER EXIT","3DD.00773E0691","Summer","PETTLC","Upper Salmon","2014-05-15","Observation","2014-05-31 06:27:22","W",121,FALSE,"sockeye"
"GRJ","DIVERSION / SBYC GATE","3DD.00773E082E","Summer","PETTLC","Upper Salmon","2014-05-17","Observation","2014-05-29 23:39:46","W",114,FALSE,"sockeye"
"GRJ","DIVERSION RIVER EXIT","3DD.00773E082E","Summer","PETTLC","Upper Salmon","2014-05-17","Observation","2014-05-29 23:39:48","W",114,FALSE,"sockeye"
"GOJ","FULL FLOW BYPASS","3DD.00773E082E","Summer","PETTLC","Upper Salmon","2014-05-17","Observation","2014-05-31 21:31:13","W",114,FALSE,"sockeye"
"GOJ","ADULT FISH RETURN","3DD.00773E082E","Summer","PETTLC","Upper Salmon","2014-05-17","Observation","2014-05-31 23:19:33","W",114,FALSE,"sockeye"
"JDJ","SBYC SEPARATOR GATE","3DD.00773E082E","Summer","PETTLC","Upper Salmon","2014-05-17","Observation","2014-06-05 20:54:53","W",114,FALSE,"sockeye"
"JDJ","RIVER EXIT","3DD.00773E082E","Summer","PETTLC","Upper Salmon","2014-05-17","Observation","2014-06-05 20:54:56","W",114,FALSE,"sockeye"
"BCC","15X15 FULL-FLOW ANTENNA","3DD.00773E082E","Summer","PETTLC","Upper Salmon","2014-05-17","Observation","2014-06-06 23:32:42","W",114,FALSE,"sockeye"
"LMJ","B-DIVERSION","3DD.00773E0832","Summer","PETTLC","Upper Salmon","2014-05-14","Observation","2014-05-28 15:02:57","W",115,FALSE,"sockeye"
"LMJ","DIVERSION RIVER EXIT","3DD.00773E0832","Summer","PETTLC","Upper Salmon","2014-05-14","Observation","2014-05-28 17:43:37","W",115,FALSE,"sockeye"
"LMJ","B-DIVERSION","3DD.00773E0B30","Summer","PETTLC","Upper Salmon","2014-05-12","Observation","2014-05-29 20:29:12","W",116,FALSE,"sockeye"
"LMJ","DIVERSION RIVER EXIT","3DD.00773E0B30","Summer","PETTLC","Upper Salmon","2014-05-12","Observation","2014-05-29 20:44:21","W",116,FALSE,"sockeye"
"GOJ","FULL FLOW BYPASS","3DD.00773E0C51","Summer","PETTLC","Upper Salmon","2014-05-15","Observation","2014-05-25 22:27:24","W",115,FALSE,"sockeye"
"GOJ","ADULT FISH RETURN","3DD.00773E0C51","Summer","PETTLC","Upper Salmon","2014-05-15","Observation","2014-05-25 22:51:26","W",115,FALSE,"sockeye"
"ICHFFB","FULL FLOW BYPASS","3DD.00773E0C51","Summer","PETTLC","Upper Salmon","2014-05-15","Observation","2014-05-27 20:22:43","W",115,FALSE,"sockeye"
"ICHFFB","FULL FLOW BYPASS","3DD.00773E0C51","Summer","PETTLC","Upper Salmon","2014-05-15","Observation","2014-05-27 20:22:46","W",115,FALSE,"sockeye"
"B2J","SAMPLE ROOM","3DD.00773E0C51","Summer","PETTLC","Upper Salmon","2014-05-15","Observation","2014-05-31 11:49:14","W",115,FALSE,"sockeye"
"B2J","SAMPLE / SBYC EXIT","3DD.00773E0C51","Summer","PETTLC","Upper Salmon","2014-05-15","Observation","2014-06-01 01:59:15","W",115,FALSE,"sockeye"
"B2J","SAMPLE / SBYC EXIT","3DD.00773E0C51","Summer","PETTLC","Upper Salmon","2014-05-15","Observation","2014-06-01 01:59:16","W",115,FALSE,"sockeye"
"GRJ","DIVERSION / SBYC GATE","3DD.00773E0D59","Summer","PETTLC","Upper Salmon","2014-05-13","Observation","2014-05-23 12:21:03","W",125,FALSE,"sockeye"
"GRJ","DIVERSION RIVER EXIT","3DD.00773E0D59","Summer","PETTLC","Upper Salmon","2014-05-13","Observation","2014-05-23 12:21:05","W",125,FALSE,"sockeye"
"LMJ","A-DIVERSION","3DD.00773E0D59","Summer","PETTLC","Upper Salmon","2014-05-13","Observation","2014-05-26 20:48:41","W",125,FALSE,"sockeye"
"LMJ","DIVERSION RIVER EXIT","3DD.00773E0D59","Summer","PETTLC","Upper Salmon","2014-05-13","Observation","2014-05-26 20:50:25","W",125,FALSE,"sockeye"
"BCC","15X15 FULL-FLOW ANTENNA","3DD.00773E0D59","Summer","PETTLC","Upper Salmon","2014-05-13","Observation","2014-05-31 12:39:53","W",125,FALSE,"sockeye"
"GRJ","DIVERSION / SBYC GATE","3DD.00773E159B","Summer","PETTLC","Upper Salmon","2014-05-12","Observation","2014-05-23 01:37:01","W",115,FALSE,"sockeye"
"GRJ","DIVERSION RIVER EXIT","3DD.00773E159B","Summer","PETTLC","Upper Salmon","2014-05-12","Observation","2014-05-23 01:37:04","W",115,FALSE,"sockeye"
"ICHFFB","FULL FLOW BYPASS","3DD.00773E159B","Summer","PETTLC","Upper Salmon","2014-05-12","Observation","2014-05-27 12:55:14","W",115,FALSE,"sockeye"
"ICHFFB","FULL FLOW BYPASS","3DD.00773E159B","Summer","PETTLC","Upper Salmon","2014-05-12","Observation","2014-05-27 12:55:16","W",115,FALSE,"sockeye"
"GRJ","DIVERSION / SBYC GATE","3DD.00773E1AEB","Summer","PETTLC","Upper Salmon","2014-05-14","Observation","2014-05-25 23:11:48","W",116,FALSE,"sockeye"
"GRJ","DIVERSION RIVER EXIT","3DD.00773E1AEB","Summer","PETTLC","Upper Salmon","2014-05-14","Observation","2014-05-25 23:11:50","W",116,FALSE,"sockeye"
"GOJ","DIVERSION SBYC GATE","3DD.00773E1B6B","Summer","PETTLC","Upper Salmon","2014-05-12","Observation","2014-05-24 21:47:03","W",118,FALSE,"sockeye"
"GOJ","DIVERSION RIVER EXIT","3DD.00773E1B6B","Summer","PETTLC","Upper Salmon","2014-05-12","Observation","2014-05-24 21:47:05","W",118,FALSE,"sockeye"
"GRJ","DIVERSION / SBYC GATE","3DD.00773E1ED2","Summer","PETTLC","Upper Salmon","2014-05-12","Observation","2014-05-22 12:33:06","W",119,FALSE,"sockeye"
"GRJ","DIVERSION RIVER EXIT","3DD.00773E1ED2","Summer","PETTLC","Upper Salmon","2014-05-12","Observation","2014-05-22 12:33:08","W",119,FALSE,"sockeye"
"LMJ","DIVERSION RIVER EXIT","3DD.00773E1F52","Summer","PETTLC","Upper Salmon","2014-05-21","Observation","2014-06-05 21:38:22","W",111,FALSE,"sockeye"
"LMJ","DIVERSION RIVER EXIT","3DD.00773E1F52","Summer","PETTLC","Upper Salmon","2014-05-21","Observation","2014-06-05 21:38:23","W",111,FALSE,"sockeye"
"GRJ","DIVERSION / SBYC GATE","3DD.00773E2121","Summer","PETTLC","Upper Salmon","2014-05-22","Observation","2014-05-31 20:46:06","W",110,FALSE,"sockeye"
"GRJ","DIVERSION RIVER EXIT","3DD.00773E2121","Summer","PETTLC","Upper Salmon","2014-05-22","Observation","2014-05-31 20:46:08","W",110,FALSE,"sockeye"
"GOJ","DIVERSION SBYC GATE","3DD.00773E23E8","Summer","PETTLC","Upper Salmon","2014-05-11","Observation","2014-05-22 22:02:02","W",119,FALSE,"sockeye"
"GOJ","DIVERSION RIVER EXIT","3DD.00773E23E8","Summer","PETTLC","Upper Salmon","2014-05-11","Observation","2014-05-22 22:02:05","W",119,FALSE,"sockeye"
"GOJ","DIVERSION SBYC GATE","3DD.00773E266F","Summer","PETTLC","Upper Salmon","2014-05-14","Observation","2014-05-28 09:19:09","W",103,FALSE,"sockeye"
"GOJ","DIVERSION RIVER EXIT","3DD.00773E266F","Summer","PETTLC","Upper Salmon","2014-05-14","Observation","2014-05-28 09:19:12","W",103,FALSE,"sockeye"
"LMJ","B-DIVERSION","3DD.00773E266F","Summer","PETTLC","Upper Salmon","2014-05-14","Observation","2014-05-29 20:30:07","W",103,FALSE,"sockeye"
"LMJ","DIVERSION RIVER EXIT","3DD.00773E266F","Summer","PETTLC","Upper Salmon","2014-05-14","Observation","2014-05-29 20:31:04","W",103,FALSE,"sockeye"
"JDJ","RIVER EXIT","3DD.00773E266F","Summer","PETTLC","Upper Salmon","2014-05-14","Observation","2014-06-05 20:37:30","W",103,FALSE,"sockeye"
"JDJ","RIVER EXIT","3DD.00773E266F","Summer","PETTLC","Upper Salmon","2014-05-14","Observation","2014-06-05 20:37:31","W",103,FALSE,"sockeye"
"TWX","MATRIX TRAWL [CURRENT]","3DD.00773E266F","Summer","PETTLC","Upper Salmon","2014-05-14","Observation","2014-06-08 08:46:12","W",103,FALSE,"sockeye"
"TWX","MATRIX TRAWL [CURRENT]","3DD.00773E266F","Summer","PETTLC","Upper Salmon","2014-05-14","Observation","2014-06-08 08:46:24","W",103,FALSE,"sockeye"
"ICHFFB","FULL FLOW BYPASS","3DD.00773E3437","Summer","PETTLC","Upper Salmon","2014-05-12","Observation","2014-05-27 03:55:17","W",125,FALSE,"sockeye"
"ICHFFB","FULL FLOW BYPASS","3DD.00773E3437","Summer","PETTLC","Upper Salmon","2014-05-12","Observation","2014-05-27 03:55:19","W",125,FALSE,"sockeye"
"B2J","SBYC SEPARATOR GATE","3DD.00773E3437","Summer","PETTLC","Upper Salmon","2014-05-12","Observation","2014-05-30 15:24:45","W",125,FALSE,"sockeye"
"B2J","RIVER EXIT","3DD.00773E3437","Summer","PETTLC","Upper Salmon","2014-05-12","Observation","2014-05-30 15:24:50","W",125,FALSE,"sockeye"
"LMJ","B-DIVERSION","3DD.00773E365A","Summer","PETTLC","Upper Salmon","2014-05-13","Observation","2014-05-27 06:28:49","W",121,FALSE,"sockeye"
"LMJ","DIVERSION RIVER EXIT","3DD.00773E365A","Summer","PETTLC","Upper Salmon","2014-05-13","Observation","2014-05-27 10:50:05","W",121,FALSE,"sockeye"
"GRJ","DIVERSION / SBYC GATE","3DD.00773E37C0","Summer","PETTLC","Upper Salmon","2014-05-16","Observation","2014-05-31 00:26:36","W",110,FALSE,"sockeye"
"GRJ","DIVERSION RIVER EXIT","3DD.00773E37C0","Summer","PETTLC","Upper Salmon","2014-05-16","Observation","2014-05-31 00:26:38","W",110,FALSE,"sockeye"
"MCJ","FULL FLOW BYPASS","3DD.00773E37C0","Summer","PETTLC","Upper Salmon","2014-05-16","Observation","2014-06-06 12:36:41","W",110,FALSE,"sockeye"
"MCJ","FULL FLOW BYPASS","3DD.00773E37C0","Summer","PETTLC","Upper Salmon","2014-05-16","Observation","2014-06-06 12:36:44","W",110,FALSE,"sockeye"
"GRJ","DIVERSION RIVER EXIT","3DD.00773E3861","Summer","PETTLC","Upper Salmon","2014-05-12","Observation","2014-05-23 20:45:43","W",113,FALSE,"sockeye"
"GRJ","DIVERSION RIVER EXIT","3DD.00773E3861","Summer","PETTLC","Upper Salmon","2014-05-12","Observation","2014-05-23 20:45:44","W",113,FALSE,"sockeye"
"GRJ","DIVERSION RIVER EXIT","3DD.00773E39F1","Summer","PETTLC","Upper Salmon","2014-05-12","Observation","2014-05-21 20:27:31","W",116,FALSE,"sockeye"
"GRJ","DIVERSION RIVER EXIT","3DD.00773E39F1","Summer","PETTLC","Upper Salmon","2014-05-12","Observation","2014-05-21 20:27:32","W",116,FALSE,"sockeye"
"JDJ","RIVER EXIT","3DD.00773E39F1","Summer","PETTLC","Upper Salmon","2014-05-12","Observation","2014-05-28 01:34:50","W",116,FALSE,"sockeye"
"JDJ","RIVER EXIT","3DD.00773E39F1","Summer","PETTLC","Upper Salmon","2014-05-12","Observation","2014-05-28 01:34:51","W",116,FALSE,"sockeye"
"GRJ","DIVERSION / SBYC GATE","3DD.00773E3A35","Summer","PETTLC","Upper Salmon","2014-05-13","Observation","2014-05-24 00:40:57","W",106,FALSE,"sockeye"
"GRJ","DIVERSION RIVER EXIT","3DD.00773E3A35","Summer","PETTLC","Upper Salmon","2014-05-13","Observation","2014-05-24 00:40:59","W",106,FALSE,"sockeye"
"LMJ","DIVERSION RIVER EXIT","3DD.00773E3A35","Summer","PETTLC","Upper Salmon","2014-05-13","Observation","2014-05-27 02:13:33","W",106,FALSE,"sockeye"
"LMJ","DIVERSION RIVER EXIT","3DD.00773E3A35","Summer","PETTLC","Upper Salmon","2014-05-13","Observation","2014-05-27 02:13:34","W",106,FALSE,"sockeye"
"LMJ","DIVERSION RIVER EXIT","3DD.00773E8E9F","Summer","PETTLC","Upper Salmon","2014-05-12","Observation","2014-05-28 19:55:42","W",110,FALSE,"sockeye"
"LMJ","DIVERSION RIVER EXIT","3DD.00773E8E9F","Summer","PETTLC","Upper Salmon","2014-05-12","Observation","2014-05-28 19:55:43","W",110,FALSE,"sockeye"
"ESANIS",NA,"3DD.00773E8E9F","Summer","PETTLC","Upper Salmon","2014-05-12","Recovery","2014-10-16 00:00:00","W",110,FALSE,"sockeye"
"JDJ","RIVER EXIT","3DD.00773E9B2F","Summer","PETTLC","Upper Salmon","2014-05-21","Observation","2014-06-12 05:38:24","W",114,FALSE,"sockeye"
"JDJ","RIVER EXIT","3DD.00773E9B2F","Summer","PETTLC","Upper Salmon","2014-05-21","Observation","2014-06-12 05:38:25","W",114,FALSE,"sockeye"
"B2J","SBYC SEPARATOR GATE","3DD.00773E9B2F","Summer","PETTLC","Upper Salmon","2014-05-21","Observation","2014-06-13 20:41:05","W",114,FALSE,"sockeye"
"B2J","RIVER EXIT","3DD.00773E9B2F","Summer","PETTLC","Upper Salmon","2014-05-21","Observation","2014-06-13 20:41:10","W",114,FALSE,"sockeye"
"GOJ","DIVERSION SBYC GATE","3DD.00773E9B7C","Summer","PETTLC","Upper Salmon","2014-05-13","Observation","2014-05-25 18:47:06","W",120,FALSE,"sockeye"
"GOJ","DIVERSION RIVER EXIT","3DD.00773E9B7C","Summer","PETTLC","Upper Salmon","2014-05-13","Observation","2014-05-25 18:47:09","W",120,FALSE,"sockeye"
"GRJ","DIVERSION RIVER EXIT","3DD.00773EA86B","Summer","PETTLC","Upper Salmon","2014-05-13","Observation","2014-05-23 21:34:11","W",121,FALSE,"sockeye"
"GRJ","DIVERSION RIVER EXIT","3DD.00773EA86B","Summer","PETTLC","Upper Salmon","2014-05-13","Observation","2014-05-23 21:34:12","W",121,FALSE,"sockeye"
"GOJ","DIVERSION SBYC GATE","3DD.00773EA86B","Summer","PETTLC","Upper Salmon","2014-05-13","Observation","2014-05-25 21:57:41","W",121,FALSE,"sockeye"
"GOJ","DIVERSION RIVER EXIT","3DD.00773EA86B","Summer","PETTLC","Upper Salmon","2014-05-13","Observation","2014-05-25 21:57:43","W",121,FALSE,"sockeye"
"MCJ","FULL FLOW BYPASS","3DD.00773EA86B","Summer","PETTLC","Upper Salmon","2014-05-13","Observation","2014-05-31 15:53:27","W",121,FALSE,"sockeye"
"MCJ","FULL FLOW BYPASS","3DD.00773EA86B","Summer","PETTLC","Upper Salmon","2014-05-13","Observation","2014-05-31 15:53:31","W",121,FALSE,"sockeye"
"GOJ","DIVERSION RIVER EXIT","3DD.007739F889","Summer","RLCTRP","Upper Salmon","2014-05-07","Observation","2014-05-19 12:52:45","W",90,FALSE,"sockeye"
"GOJ","DIVERSION RIVER EXIT","3DD.007739F889","Summer","RLCTRP","Upper Salmon","2014-05-07","Observation","2014-05-19 12:52:44","W",90,FALSE,"sockeye"
"GRJ","DIVERSION RIVER EXIT","3DD.00773A0124","Summer","RLCTRP","Upper Salmon","2014-05-08","Observation","2014-05-18 04:19:24","W",116,FALSE,"sockeye"
"GRJ","DIVERSION / SBYC GATE","3DD.00773A0124","Summer","RLCTRP","Upper Salmon","2014-05-08","Observation","2014-05-18 04:19:22","W",116,FALSE,"sockeye"
"GOJ","DIVERSION RIVER EXIT","3DD.00773A0124","Summer","RLCTRP","Upper Salmon","2014-05-08","Observation","2014-05-20 01:43:05","W",116,FALSE,"sockeye"
"GOJ","DIVERSION SBYC GATE","3DD.00773A0124","Summer","RLCTRP","Upper Salmon","2014-05-08","Observation","2014-05-20 01:43:02","W",116,FALSE,"sockeye"
"RLCTRP",NA,"3DD.00773A01D3","Summer","RLCTRP","Upper Salmon","2014-05-05","Recapture","2014-05-08 08:23:00","W",95,FALSE,"sockeye"
"B2J","RIVER EXIT","3DD.00773A01D3","Summer","RLCTRP","Upper Salmon","2014-05-05","Observation","2014-06-15 17:32:00","W",95,FALSE,"sockeye"
"B2J","RIVER EXIT","3DD.00773A01D3","Summer","RLCTRP","Upper Salmon","2014-05-05","Observation","2014-06-15 17:32:01","W",95,FALSE,"sockeye"
"JDJ","SBYC SEPARATOR GATE","3DD.00773A038E","Summer","RLCTRP","Upper Salmon","2014-05-22","Observation","2014-06-04 20:40:35","W",108,FALSE,"sockeye"
"GOJ","DIVERSION SBYC GATE","3DD.00773A038E","Summer","RLCTRP","Upper Salmon","2014-05-22","Observation","2014-05-29 21:16:12","W",108,FALSE,"sockeye"
"JDJ","RIVER EXIT","3DD.00773A038E","Summer","RLCTRP","Upper Salmon","2014-05-22","Observation","2014-06-04 20:40:38","W",108,FALSE,"sockeye"
"GOJ","DIVERSION RIVER EXIT","3DD.00773A038E","Summer","RLCTRP","Upper Salmon","2014-05-22","Observation","2014-05-29 21:16:15","W",108,FALSE,"sockeye"
"GRJ","DIVERSION RIVER EXIT","3DD.00773A0E7C","Summer","RLCTRP","Upper Salmon","2014-05-20","Observation","2014-05-26 20:25:37","W",105,FALSE,"sockeye"
"GRJ","DIVERSION / SBYC GATE","3DD.00773A0E7C","Summer","RLCTRP","Upper Salmon","2014-05-20","Observation","2014-05-26 20:25:34","W",105,FALSE,"sockeye"
"GRJ","DIVERSION / SBYC GATE","3DD.00773A0EEF","Summer","RLCTRP","Upper Salmon","2014-05-10","Observation","2014-05-19 18:45:31","W",103,FALSE,"sockeye"
"MCJ","RIVER EXIT","3DD.00773A0EEF","Summer","RLCTRP","Upper Salmon","2014-05-10","Observation","2014-05-29 00:29:48","W",103,FALSE,"sockeye"
"LMJ","DIVERSION RIVER EXIT","3DD.00773A0EEF","Summer","RLCTRP","Upper Salmon","2014-05-10","Observation","2014-05-26 03:34:36","W",103,FALSE,"sockeye"
"MCJ","RIVER EXIT","3DD.00773A0EEF","Summer","RLCTRP","Upper Salmon","2014-05-10","Observation","2014-05-29 00:29:46","W",103,FALSE,"sockeye"
"RLCTRP",NA,"3DD.00773A0EEF","Summer","RLCTRP","Upper Salmon","2014-05-10","Recapture","2014-05-11 09:30:00","W",103,FALSE,"sockeye"
"GRJ","DIVERSION RIVER EXIT","3DD.00773A0EEF","Summer","RLCTRP","Upper Salmon","2014-05-10","Observation","2014-05-19 18:45:33","W",103,FALSE,"sockeye"
"LMJ","DIVERSION RIVER EXIT","3DD.00773A0EEF","Summer","RLCTRP","Upper Salmon","2014-05-10","Observation","2014-05-26 03:34:35","W",103,FALSE,"sockeye"
"RLCTRP",NA,"3DD.00773A1617","Summer","RLCTRP","Upper Salmon","2014-05-06","Recapture","2014-05-07 08:47:00","W",99,FALSE,"sockeye"
"ICHFFB","FULL FLOW BYPASS","3DD.00773A1617","Summer","RLCTRP","Upper Salmon","2014-05-06","Observation","2014-05-23 17:17:01","W",99,FALSE,"sockeye"
"ICHFFB","FULL FLOW BYPASS","3DD.00773A1617","Summer","RLCTRP","Upper Salmon","2014-05-06","Observation","2014-05-23 17:16:59","W",99,FALSE,"sockeye"
"LMJ","ADULT FISH RETURN","3DD.00773A18F2","Summer","RLCTRP","Upper Salmon","2014-05-07","Observation","2014-05-26 00:37:33","W",91,FALSE,"sockeye"
"MCJ","RIVER EXIT","3DD.00773A18F2","Summer","RLCTRP","Upper Salmon","2014-05-07","Observation","2014-05-28 11:25:41","W",91,FALSE,"sockeye"
"ICHFFB","FULL FLOW BYPASS","3DD.00773A18F2","Summer","RLCTRP","Upper Salmon","2014-05-07","Observation","2014-05-26 19:15:57","W",91,FALSE,"sockeye"
"GRJ","ADULT FISH RETURN","3DD.00773A18F2","Summer","RLCTRP","Upper Salmon","2014-05-07","Observation","2014-05-23 00:17:22","W",91,FALSE,"sockeye"
"MCJ","RIVER EXIT","3DD.00773A18F2","Summer","RLCTRP","Upper Salmon","2014-05-07","Observation","2014-05-28 11:25:40","W",91,FALSE,"sockeye"
"LMJ","FULL FLOW BYPASS","3DD.00773A18F2","Summer","RLCTRP","Upper Salmon","2014-05-07","Observation","2014-05-26 00:29:21","W",91,FALSE,"sockeye"
"ICHFFB","FULL FLOW BYPASS","3DD.00773A18F2","Summer","RLCTRP","Upper Salmon","2014-05-07","Observation","2014-05-26 19:15:55","W",91,FALSE,"sockeye"
"GOJ","SAMPLE ROOM","3DD.00773A19F5","Summer","RLCTRP","Upper Salmon","2014-05-15","Observation","2014-05-27 08:50:03","W",106,TRUE,"sockeye"
"GOJ","B-SEPARATOR GATE","3DD.00773A19F5","Summer","RLCTRP","Upper Salmon","2014-05-15","Observation","2014-05-26 22:14:35","W",106,FALSE,"sockeye"
"LMJ","A-DIVERSION","3DD.00773A2333","Summer","RLCTRP","Upper Salmon","2014-05-07","Observation","2014-05-20 11:37:01","W",114,FALSE,"sockeye"
"GOJ","DIVERSION RIVER EXIT","3DD.00773A2333","Summer","RLCTRP","Upper Salmon","2014-05-07","Observation","2014-05-19 02:30:06","W",114,FALSE,"sockeye"
"LMJ","DIVERSION RIVER EXIT","3DD.00773A2333","Summer","RLCTRP","Upper Salmon","2014-05-07","Observation","2014-05-20 12:41:10","W",114,FALSE,"sockeye"
"GOJ","DIVERSION SBYC GATE","3DD.00773A2333","Summer","RLCTRP","Upper Salmon","2014-05-07","Observation","2014-05-19 02:30:03","W",114,FALSE,"sockeye"
"RLCTRP",NA,"3DD.00773A2333","Summer","RLCTRP","Upper Salmon","2014-05-07","Recapture","2014-05-08 08:23:00","W",114,FALSE,"sockeye"
"GOJ","DIVERSION RIVER EXIT","3DD.00773A2344","Summer","RLCTRP","Upper Salmon","2014-05-10","Observation","2014-05-27 22:09:58","W",93,FALSE,"sockeye"
"BCC","15X15 FULL-FLOW ANTENNA","3DD.00773A2344","Summer","RLCTRP","Upper Salmon","2014-05-10","Observation","2014-06-03 13:46:05","W",93,FALSE,"sockeye"
"GOJ","DIVERSION SBYC GATE","3DD.00773A2344","Summer","RLCTRP","Upper Salmon","2014-05-10","Observation","2014-05-27 22:09:55","W",93,FALSE,"sockeye"
"RLCTRP",NA,"3DD.00773A2472","Summer","RLCTRP","Upper Salmon","2014-05-13","Recapture","2014-05-14 08:53:00","W",103,FALSE,"sockeye"
"GOJ","FULL FLOW BYPASS","3DD.00773A2472","Summer","RLCTRP","Upper Salmon","2014-05-13","Observation","2014-05-25 16:08:22","W",103,FALSE,"sockeye"
"GOJ","ADULT FISH RETURN","3DD.00773A2472","Summer","RLCTRP","Upper Salmon","2014-05-13","Observation","2014-05-25 16:18:49","W",103,FALSE,"sockeye"
"LMJ","DIVERSION RIVER EXIT","3DD.00773A2645","Summer","RLCTRP","Upper Salmon","2014-05-15","Observation","2014-05-27 03:38:18","W",108,FALSE,"sockeye"
"ICHFFB","FULL FLOW BYPASS","3DD.00773A2645","Summer","RLCTRP","Upper Salmon","2014-05-15","Observation","2014-05-28 00:59:53","W",108,FALSE,"sockeye"
"BCC","15X15 FULL-FLOW ANTENNA","3DD.00773A2645","Summer","RLCTRP","Upper Salmon","2014-05-15","Observation","2014-05-31 12:24:20","W",108,FALSE,"sockeye"
"GOJ","DIVERSION RIVER EXIT","3DD.00773A2645","Summer","RLCTRP","Upper Salmon","2014-05-15","Observation","2014-05-25 20:56:25","W",108,FALSE,"sockeye"
"ICHFFB","FULL FLOW BYPASS","3DD.00773A2645","Summer","RLCTRP","Upper Salmon","2014-05-15","Observation","2014-05-28 00:59:55","W",108,FALSE,"sockeye"
"GOJ","DIVERSION RIVER EXIT","3DD.00773A2645","Summer","RLCTRP","Upper Salmon","2014-05-15","Observation","2014-05-25 20:56:24","W",108,FALSE,"sockeye"
"LMJ","DIVERSION RIVER EXIT","3DD.00773A2645","Summer","RLCTRP","Upper Salmon","2014-05-15","Observation","2014-05-27 03:38:17","W",108,FALSE,"sockeye"
"RLCTRP",NA,"3DD.00773A284B","Summer","RLCTRP","Upper Salmon","2014-05-13","Recapture","2014-05-14 08:53:00","W",103,FALSE,"sockeye"
"BCC","15X15 FULL-FLOW ANTENNA","3DD.00773A284B","Summer","RLCTRP","Upper Salmon","2014-05-13","Observation","2014-05-31 17:45:01","W",103,FALSE,"sockeye"
"MCJ","RIVER EXIT","3DD.00773A30FA","Summer","RLCTRP","Upper Salmon","2014-05-06","Observation","2014-05-24 15:21:01","W",118,FALSE,"sockeye"
"MCJ","RIVER EXIT","3DD.00773A30FA","Summer","RLCTRP","Upper Salmon","2014-05-06","Observation","2014-05-24 15:21:00","W",118,FALSE,"sockeye"
"GRJ","DIVERSION RIVER EXIT","3DD.00773A30FA","Summer","RLCTRP","Upper Salmon","2014-05-06","Observation","2014-05-17 20:47:48","W",118,FALSE,"sockeye"
"RLCTRP",NA,"3DD.00773A30FA","Summer","RLCTRP","Upper Salmon","2014-05-06","Recapture","2014-05-07 08:47:00","W",118,FALSE,"sockeye"
"GRJ","DIVERSION / SBYC GATE","3DD.00773A30FA","Summer","RLCTRP","Upper Salmon","2014-05-06","Observation","2014-05-17 20:47:46","W",118,FALSE,"sockeye"
"GOJ","DIVERSION RIVER EXIT","3DD.00773A3153","Summer","RLCTRP","Upper Salmon","2014-05-16","Observation","2014-05-26 17:04:33","W",103,FALSE,"sockeye"
"LMJ","B-DIVERSION","3DD.00773A3153","Summer","RLCTRP","Upper Salmon","2014-05-16","Observation","2014-05-27 13:49:06","W",103,FALSE,"sockeye"
"LMJ","DIVERSION RIVER EXIT","3DD.00773A3153","Summer","RLCTRP","Upper Salmon","2014-05-16","Observation","2014-05-27 13:49:18","W",103,FALSE,"sockeye"
"GOJ","DIVERSION RIVER EXIT","3DD.00773A3153","Summer","RLCTRP","Upper Salmon","2014-05-16","Observation","2014-05-26 17:04:32","W",103,FALSE,"sockeye"
"RLCTRP",NA,"3DD.00773A31CF","Summer","RLCTRP","Upper Salmon","2014-04-27","Recapture","2014-04-28 08:16:00","W",100,FALSE,"sockeye"
"GOJ","SAMPLE ROOM","3DD.00773A31CF","Summer","RLCTRP","Upper Salmon","2014-04-27","Observation","2014-05-19 08:14:01","W",100,TRUE,"sockeye"
"GOJ","B-SEPARATOR GATE","3DD.00773A31CF","Summer","RLCTRP","Upper Salmon","2014-04-27","Observation","2014-05-18 16:30:32","W",100,FALSE,"sockeye"
"GRJ","DIVERSION RIVER EXIT","3DD.00773A340B","Summer","RLCTRP","Upper Salmon","2014-05-13","Observation","2014-05-24 11:47:52","W",104,FALSE,"sockeye"
"LMJ","B-DIVERSION","3DD.00773A340B","Summer","RLCTRP","Upper Salmon","2014-05-13","Observation","2014-05-27 22:07:40","W",104,FALSE,"sockeye"
"LMJ","DIVERSION RIVER EXIT","3DD.00773A340B","Summer","RLCTRP","Upper Salmon","2014-05-13","Observation","2014-05-27 22:08:38","W",104,FALSE,"sockeye"
"RLCTRP",NA,"3DD.00773A340B","Summer","RLCTRP","Upper Salmon","2014-05-13","Recapture","2014-05-14 08:53:00","W",104,FALSE,"sockeye"
"GRJ","DIVERSION RIVER EXIT","3DD.00773A340B","Summer","RLCTRP","Upper Salmon","2014-05-13","Observation","2014-05-24 11:47:53","W",104,FALSE,"sockeye"
"GRJ","DIVERSION RIVER EXIT","3DD.00773A34B7","Summer","RLCTRP","Upper Salmon","2014-05-20","Observation","2014-05-26 10:22:33","W",101,FALSE,"sockeye"
"GRJ","DIVERSION RIVER EXIT","3DD.00773A34B7","Summer","RLCTRP","Upper Salmon","2014-05-20","Observation","2014-05-26 10:22:34","W",101,FALSE,"sockeye"
"RLCTRP",NA,"3DD.00773A34B7","Summer","RLCTRP","Upper Salmon","2014-05-20","Recapture","2014-05-21 08:20:00","W",101,FALSE,"sockeye"
"GOJ","DIVERSION SBYC GATE","3DD.00773A3721","Summer","RLCTRP","Upper Salmon","2014-05-21","Observation","2014-05-28 01:04:42","W",111,FALSE,"sockeye"
"LMJ","FULL FLOW BYPASS","3DD.00773A3721","Summer","RLCTRP","Upper Salmon","2014-05-21","Observation","2014-05-29 01:02:11","W",111,FALSE,"sockeye"
"GOJ","DIVERSION RIVER EXIT","3DD.00773A3721","Summer","RLCTRP","Upper Salmon","2014-05-21","Observation","2014-05-28 01:04:44","W",111,FALSE,"sockeye"
"B2J","SBYC SEPARATOR GATE","3DD.00773A3721","Summer","RLCTRP","Upper Salmon","2014-05-21","Observation","2014-06-02 16:57:32","W",111,FALSE,"sockeye"
"B2J","RIVER EXIT","3DD.00773A3721","Summer","RLCTRP","Upper Salmon","2014-05-21","Observation","2014-06-02 16:57:38","W",111,FALSE,"sockeye"
"LMJ","FULL FLOW BYPASS","3DD.00773A3721","Summer","RLCTRP","Upper Salmon","2014-05-21","Observation","2014-05-29 01:02:08","W",111,FALSE,"sockeye"
"GRJ","DIVERSION / SBYC GATE","3DD.00773A3E78","Summer","RLCTRP","Upper Salmon","2014-05-21","Observation","2014-05-27 11:43:21","W",108,FALSE,"sockeye"
"LMJ","B-DIVERSION","3DD.00773A3E78","Summer","RLCTRP","Upper Salmon","2014-05-21","Observation","2014-05-29 21:58:15","W",108,FALSE,"sockeye"
"GRJ","DIVERSION RIVER EXIT","3DD.00773A3E78","Summer","RLCTRP","Upper Salmon","2014-05-21","Observation","2014-05-27 11:43:23","W",108,FALSE,"sockeye"
"LMJ","DIVERSION RIVER EXIT","3DD.00773A3E78","Summer","RLCTRP","Upper Salmon","2014-05-21","Observation","2014-05-29 22:03:14","W",108,FALSE,"sockeye"
"GRJ","SAMPLE TANK","3DD.00773A40E0","Summer","RLCTRP","Upper Salmon","2014-05-12","Observation","2014-05-21 10:59:48","W",114,TRUE,"sockeye"
"GRJ","SAMPLE TANK","3DD.00773A40E0","Summer","RLCTRP","Upper Salmon","2014-05-12","Observation","2014-05-21 10:59:49","W",114,TRUE,"sockeye"
"RLCTRP",NA,"3DD.00773A40E0","Summer","RLCTRP","Upper Salmon","2014-05-12","Recapture","2014-05-13 09:10:00","W",114,FALSE,"sockeye"
"GRJ","DIVERSION RIVER EXIT","3DD.00773A418F","Summer","RLCTRP","Upper Salmon","2014-05-13","Observation","2014-05-20 07:16:25","W",108,FALSE,"sockeye"
"GRJ","DIVERSION / SBYC GATE","3DD.00773A418F","Summer","RLCTRP","Upper Salmon","2014-05-13","Observation","2014-05-20 07:16:23","W",108,FALSE,"sockeye"
"GOJ","DIVERSION RIVER EXIT","3DD.00773A418F","Summer","RLCTRP","Upper Salmon","2014-05-13","Observation","2014-05-24 06:50:15","W",108,FALSE,"sockeye"
"GOJ","DIVERSION SBYC GATE","3DD.00773A418F","Summer","RLCTRP","Upper Salmon","2014-05-13","Observation","2014-05-24 06:50:13","W",108,FALSE,"sockeye"
"RLCTRP",NA,"3DD.00773A418F","Summer","RLCTRP","Upper Salmon","2014-05-13","Recapture","2014-05-14 08:53:00","W",108,FALSE,"sockeye"
"ICHFFB","FULL FLOW BYPASS","3DD.00773A4264","Summer","RLCTRP","Upper Salmon","2014-05-05","Observation","2014-05-22 15:36:02","W",119,FALSE,"sockeye"
"GOJ","DIVERSION RIVER EXIT","3DD.00773A4264","Summer","RLCTRP","Upper Salmon","2014-05-05","Observation","2014-05-19 22:41:43","W",119,FALSE,"sockeye"
"GRJ","DIVERSION RIVER EXIT","3DD.00773A4264","Summer","RLCTRP","Upper Salmon","2014-05-05","Observation","2014-05-17 05:40:01","W",119,FALSE,"sockeye"
"GRJ","DIVERSION RIVER EXIT","3DD.00773A4264","Summer","RLCTRP","Upper Salmon","2014-05-05","Observation","2014-05-17 05:40:00","W",119,FALSE,"sockeye"
"RLCTRP",NA,"3DD.00773A4264","Summer","RLCTRP","Upper Salmon","2014-05-05","Recapture","2014-05-06 08:24:00","W",119,FALSE,"sockeye"
"GOJ","DIVERSION RIVER EXIT","3DD.00773A4264","Summer","RLCTRP","Upper Salmon","2014-05-05","Observation","2014-05-19 22:41:44","W",119,FALSE,"sockeye"
"ICHFFB","FULL FLOW BYPASS","3DD.00773A4264","Summer","RLCTRP","Upper Salmon","2014-05-05","Observation","2014-05-22 15:35:59","W",119,FALSE,"sockeye"
"GRJ","DIVERSION RIVER EXIT","3DD.00773A4C45","Summer","RLCTRP","Upper Salmon","2014-05-23","Observation","2014-05-29 16:42:22","W",121,FALSE,"sockeye"
"GOJ","FULL FLOW BYPASS","3DD.00773A4C45","Summer","RLCTRP","Upper Salmon","2014-05-23","Observation","2014-05-31 22:37:58","W",121,FALSE,"sockeye"
"GOJ","ADULT FISH RETURN","3DD.00773A4C45","Summer","RLCTRP","Upper Salmon","2014-05-23","Observation","2014-06-01 01:10:30","W",121,FALSE,"sockeye"
"GRJ","DIVERSION RIVER EXIT","3DD.00773A4C45","Summer","RLCTRP","Upper Salmon","2014-05-23","Observation","2014-05-29 16:42:23","W",121,FALSE,"sockeye"
"GOJ","DIVERSION RIVER EXIT","3DD.00773A4E76","Summer","RLCTRP","Upper Salmon","2014-05-14","Observation","2014-05-27 00:28:48","W",113,FALSE,"sockeye"
"GOJ","FULL FLOW BYPASS","3DD.00773A4E76","Summer","RLCTRP","Upper Salmon","2014-05-14","Observation","2014-05-26 07:25:39","W",113,FALSE,"sockeye"
"GOJ","DIVERSION SBYC GATE","3DD.00773A4E76","Summer","RLCTRP","Upper Salmon","2014-05-14","Observation","2014-05-27 00:28:45","W",113,FALSE,"sockeye"
"RLCTRP",NA,"3DD.00773A4E76","Summer","RLCTRP","Upper Salmon","2014-05-14","Recapture","2014-05-15 10:38:00","W",113,FALSE,"sockeye"
"LMJ","DIVERSION RIVER EXIT","3DD.00773A4FBB","Summer","RLCTRP","Upper Salmon","2014-05-10","Observation","2014-05-24 20:43:39","W",108,FALSE,"sockeye"
"BCC","15X15 FULL-FLOW ANTENNA","3DD.00773A4FBB","Summer","RLCTRP","Upper Salmon","2014-05-10","Observation","2014-05-29 19:28:10","W",108,FALSE,"sockeye"
"GRJ","DIVERSION / SBYC GATE","3DD.00773A4FBB","Summer","RLCTRP","Upper Salmon","2014-05-10","Observation","2014-05-19 06:01:01","W",108,FALSE,"sockeye"
"GRJ","DIVERSION RIVER EXIT","3DD.00773A4FBB","Summer","RLCTRP","Upper Salmon","2014-05-10","Observation","2014-05-19 06:01:03","W",108,FALSE,"sockeye"
"LMJ","B-DIVERSION","3DD.00773A4FBB","Summer","RLCTRP","Upper Salmon","2014-05-10","Observation","2014-05-24 20:42:53","W",108,FALSE,"sockeye"
"GOJ","DIVERSION RIVER EXIT","3DD.00773A4FD3","Summer","RLCTRP","Upper Salmon","2014-05-16","Observation","2014-05-28 03:05:38","W",106,FALSE,"sockeye"
"LMJ","FULL FLOW BYPASS","3DD.00773A4FD3","Summer","RLCTRP","Upper Salmon","2014-05-16","Observation","2014-05-29 00:28:22","W",106,FALSE,"sockeye"
"GOJ","DIVERSION RIVER EXIT","3DD.00773A4FD3","Summer","RLCTRP","Upper Salmon","2014-05-16","Observation","2014-05-28 03:05:39","W",106,FALSE,"sockeye"
"LMJ","ADULT FISH RETURN","3DD.00773A4FD3","Summer","RLCTRP","Upper Salmon","2014-05-16","Observation","2014-05-29 00:29:43","W",106,FALSE,"sockeye"
"RLCTRP",NA,"3DD.00773A5186","Summer","RLCTRP","Upper Salmon","2014-05-13","Recapture","2014-05-15 10:38:00","W",104,FALSE,"sockeye"
"GRJ","DIVERSION / SBYC GATE","3DD.00773A5186","Summer","RLCTRP","Upper Salmon","2014-05-13","Observation","2014-05-21 21:38:36","W",104,FALSE,"sockeye"
"GOJ","DIVERSION RIVER EXIT","3DD.00773A5186","Summer","RLCTRP","Upper Salmon","2014-05-13","Observation","2014-05-25 05:42:17","W",104,FALSE,"sockeye"
"GOJ","DIVERSION RIVER EXIT","3DD.00773A5186","Summer","RLCTRP","Upper Salmon","2014-05-13","Observation","2014-05-25 05:42:16","W",104,FALSE,"sockeye"
"GRJ","DIVERSION RIVER EXIT","3DD.00773A5186","Summer","RLCTRP","Upper Salmon","2014-05-13","Observation","2014-05-21 21:38:39","W",104,FALSE,"sockeye"
"GRJ","DIVERSION / SBYC GATE","3DD.00773A51A8","Summer","RLCTRP","Upper Salmon","2014-05-03","Observation","2014-05-15 02:47:17","W",104,FALSE,"sockeye"
"GRJ","DIVERSION RIVER EXIT","3DD.00773A51A8","Summer","RLCTRP","Upper Salmon","2014-05-03","Observation","2014-05-15 02:47:20","W",104,FALSE,"sockeye"
"GOJ","DIVERSION SBYC GATE","3DD.00773A51A8","Summer","RLCTRP","Upper Salmon","2014-05-03","Observation","2014-05-27 21:26:38","W",104,FALSE,"sockeye"
"GOJ","DIVERSION RIVER EXIT","3DD.00773A51A8","Summer","RLCTRP","Upper Salmon","2014-05-03","Observation","2014-05-27 21:26:41","W",104,FALSE,"sockeye"
"ICHFFB","FULL FLOW BYPASS","3DD.00773A520C","Summer","RLCTRP","Upper Salmon","2014-05-14","Observation","2014-06-02 20:28:22","W",91,FALSE,"sockeye"
"RLCTRP",NA,"3DD.00773A520C","Summer","RLCTRP","Upper Salmon","2014-05-14","Recapture","2014-05-17 08:33:00","W",91,FALSE,"sockeye"
"ICHFFB","FULL FLOW BYPASS","3DD.00773A520C","Summer","RLCTRP","Upper Salmon","2014-05-14","Observation","2014-06-02 20:28:25","W",91,FALSE,"sockeye"
"GRJ","DIVERSION RIVER EXIT","3DD.00773A520C","Summer","RLCTRP","Upper Salmon","2014-05-14","Observation","2014-05-24 09:43:53","W",91,FALSE,"sockeye"
"GOJ","ADULT FISH RETURN","3DD.00773A520C","Summer","RLCTRP","Upper Salmon","2014-05-14","Observation","2014-05-29 20:40:48","W",91,FALSE,"sockeye"
"GOJ","ADULT FISH RETURN","3DD.00773A520C","Summer","RLCTRP","Upper Salmon","2014-05-14","Observation","2014-05-29 20:40:47","W",91,FALSE,"sockeye"
"GRJ","DIVERSION / SBYC GATE","3DD.00773A520C","Summer","RLCTRP","Upper Salmon","2014-05-14","Observation","2014-05-24 09:43:51","W",91,FALSE,"sockeye"
"GOJ","DIVERSION RIVER EXIT","3DD.00773A521C","Summer","RLCTRP","Upper Salmon","2014-05-20","Observation","2014-05-28 04:10:44","W",100,FALSE,"sockeye"
"GRJ","DIVERSION / SBYC GATE","3DD.00773A521C","Summer","RLCTRP","Upper Salmon","2014-05-20","Observation","2014-05-26 16:14:11","W",100,FALSE,"sockeye"
"GRJ","DIVERSION RIVER EXIT","3DD.00773A521C","Summer","RLCTRP","Upper Salmon","2014-05-20","Observation","2014-05-26 16:14:13","W",100,FALSE,"sockeye"
"CBLAIS",NA,"3DD.00773A521C","Summer","RLCTRP","Upper Salmon","2014-05-20","Recovery","2014-08-11 00:00:00","W",100,FALSE,"sockeye"
"GOJ","DIVERSION RIVER EXIT","3DD.00773A521C","Summer","RLCTRP","Upper Salmon","2014-05-20","Observation","2014-05-28 04:10:43","W",100,FALSE,"sockeye"
"LMJ","DIVERSION RIVER EXIT","3DD.00773A524E","Summer","RLCTRP","Upper Salmon","2014-05-15","Observation","2014-05-29 01:32:42","W",106,FALSE,"sockeye"
"LMJ","B-DIVERSION","3DD.00773A524E","Summer","RLCTRP","Upper Salmon","2014-05-15","Observation","2014-05-29 01:11:08","W",106,FALSE,"sockeye"
"GOJ","DIVERSION RIVER EXIT","3DD.00773A526F","Summer","RLCTRP","Upper Salmon","2014-05-20","Observation","2014-05-28 23:15:44","W",106,FALSE,"sockeye"
"RLCTRP",NA,"3DD.00773A526F","Summer","RLCTRP","Upper Salmon","2014-05-20","Recapture","2014-05-21 08:20:00","W",106,FALSE,"sockeye"
"GOJ","DIVERSION SBYC GATE","3DD.00773A526F","Summer","RLCTRP","Upper Salmon","2014-05-20","Observation","2014-05-28 23:15:41","W",106,FALSE,"sockeye"
"LMJ","DIVERSION RIVER EXIT","3DD.00773A526F","Summer","RLCTRP","Upper Salmon","2014-05-20","Observation","2014-05-30 03:03:50","W",106,FALSE,"sockeye"
"B2J","RIVER EXIT","3DD.00773A526F","Summer","RLCTRP","Upper Salmon","2014-05-20","Observation","2014-06-05 04:12:30","W",106,FALSE,"sockeye"
"LMJ","DIVERSION RIVER EXIT","3DD.00773A526F","Summer","RLCTRP","Upper Salmon","2014-05-20","Observation","2014-05-30 03:03:49","W",106,FALSE,"sockeye"
"B2J","RIVER EXIT","3DD.00773A526F","Summer","RLCTRP","Upper Salmon","2014-05-20","Observation","2014-06-05 04:12:29","W",106,FALSE,"sockeye"
"MCJ","RIVER EXIT","3DD.00773A59CA","Summer","RLCTRP","Upper Salmon","2014-05-21","Observation","2014-06-03 16:59:41","W",105,FALSE,"sockeye"
"BCC","15X15 FULL-FLOW ANTENNA","3DD.00773A59CA","Summer","RLCTRP","Upper Salmon","2014-05-21","Observation","2014-06-07 03:34:02","W",105,FALSE,"sockeye"
"GRJ","DIVERSION RIVER EXIT","3DD.00773A59CA","Summer","RLCTRP","Upper Salmon","2014-05-21","Observation","2014-05-27 17:26:58","W",105,FALSE,"sockeye"
"MCJ","RIVER EXIT","3DD.00773A59CA","Summer","RLCTRP","Upper Salmon","2014-05-21","Observation","2014-06-03 16:59:39","W",105,FALSE,"sockeye"
"GRJ","DIVERSION RIVER EXIT","3DD.00773A59CA","Summer","RLCTRP","Upper Salmon","2014-05-21","Observation","2014-05-27 17:26:59","W",105,FALSE,"sockeye"
"GRJ","ADULT FISH RETURN","3DD.00773A5CF6","Summer","RLCTRP","Upper Salmon","2014-05-21","Observation","2014-05-28 10:57:48","W",96,FALSE,"sockeye"
"GRJ","ADULT FISH RETURN","3DD.00773A5CF6","Summer","RLCTRP","Upper Salmon","2014-05-21","Observation","2014-05-28 10:57:49","W",96,FALSE,"sockeye"
"B2J","RIVER EXIT","3DD.00773A5F26","Summer","RLCTRP","Upper Salmon","2014-05-20","Observation","2014-06-04 23:00:23","W",117,FALSE,"sockeye"
"GOJ","DIVERSION RIVER EXIT","3DD.00773A5F26","Summer","RLCTRP","Upper Salmon","2014-05-20","Observation","2014-05-28 22:58:54","W",117,FALSE,"sockeye"
"GOJ","DIVERSION RIVER EXIT","3DD.00773A5F26","Summer","RLCTRP","Upper Salmon","2014-05-20","Observation","2014-05-28 22:58:53","W",117,FALSE,"sockeye"
"B2J","RIVER EXIT","3DD.00773A5F26","Summer","RLCTRP","Upper Salmon","2014-05-20","Observation","2014-06-04 23:00:24","W",117,FALSE,"sockeye"
"GRJ","DIVERSION RIVER EXIT","3DD.00773A6797","Summer","RLCTRP","Upper Salmon","2014-05-20","Observation","2014-05-26 11:21:20","W",121,FALSE,"sockeye"
"RLCTRP",NA,"3DD.00773A6797","Summer","RLCTRP","Upper Salmon","2014-05-20","Recapture","2014-05-21 08:20:00","W",121,FALSE,"sockeye"
"LMJ","DIVERSION RIVER EXIT","3DD.00773A6797","Summer","RLCTRP","Upper Salmon","2014-05-20","Observation","2014-05-28 21:03:24","W",121,FALSE,"sockeye"
"LMJ","A-DIVERSION","3DD.00773A6797","Summer","RLCTRP","Upper Salmon","2014-05-20","Observation","2014-05-28 20:28:27","W",121,FALSE,"sockeye"
"GRJ","DIVERSION RIVER EXIT","3DD.00773A6797","Summer","RLCTRP","Upper Salmon","2014-05-20","Observation","2014-05-26 11:21:19","W",121,FALSE,"sockeye"
"LMJ","DIVERSION RIVER EXIT","3DD.00773A67BB","Summer","RLCTRP","Upper Salmon","2014-05-15","Observation","2014-05-25 21:09:30","W",118,FALSE,"sockeye"
"JDJ","SBYC SEPARATOR GATE","3DD.00773A67BB","Summer","RLCTRP","Upper Salmon","2014-05-15","Observation","2014-05-28 22:15:21","W",118,FALSE,"sockeye"
"GOJ","DIVERSION RIVER EXIT","3DD.00773A67BB","Summer","RLCTRP","Upper Salmon","2014-05-15","Observation","2014-05-24 21:32:37","W",118,FALSE,"sockeye"
"GOJ","DIVERSION RIVER EXIT","3DD.00773A67BB","Summer","RLCTRP","Upper Salmon","2014-05-15","Observation","2014-05-24 21:32:36","W",118,FALSE,"sockeye"
"LMJ","B-DIVERSION","3DD.00773A67BB","Summer","RLCTRP","Upper Salmon","2014-05-15","Observation","2014-05-25 21:09:17","W",118,FALSE,"sockeye"
"JDJ","RIVER EXIT","3DD.00773A67BB","Summer","RLCTRP","Upper Salmon","2014-05-15","Observation","2014-05-28 22:15:25","W",118,FALSE,"sockeye"
"LMJ","B-DIVERSION","3DD.00773A6A29","Summer","RLCTRP","Upper Salmon","2014-05-13","Observation","2014-05-31 20:47:25","W",104,FALSE,"sockeye"
"LMJ","DIVERSION RIVER EXIT","3DD.00773A6A29","Summer","RLCTRP","Upper Salmon","2014-05-13","Observation","2014-06-01 09:28:56","W",104,FALSE,"sockeye"
"RLCTRP",NA,"3DD.00773A6A29","Summer","RLCTRP","Upper Salmon","2014-05-13","Recapture","2014-05-14 08:53:00","W",104,FALSE,"sockeye"
"GRJ","DIVERSION / SBYC GATE","3DD.00773A6B07","Summer","RLCTRP","Upper Salmon","2014-05-21","Observation","2014-05-27 17:04:01","W",114,FALSE,"sockeye"
"JDJ","RIVER EXIT","3DD.00773A6B07","Summer","RLCTRP","Upper Salmon","2014-05-21","Observation","2014-06-03 21:01:01","W",114,FALSE,"sockeye"
"JDJ","RIVER EXIT","3DD.00773A6B07","Summer","RLCTRP","Upper Salmon","2014-05-21","Observation","2014-06-03 21:01:00","W",114,FALSE,"sockeye"
"GRJ","DIVERSION RIVER EXIT","3DD.00773A6B07","Summer","RLCTRP","Upper Salmon","2014-05-21","Observation","2014-05-27 17:04:03","W",114,FALSE,"sockeye"
"LMJ","A-DIVERSION","3DD.00773A6B23","Summer","RLCTRP","Upper Salmon","2014-05-22","Observation","2014-06-01 20:42:53","W",104,FALSE,"sockeye"
"LMJ","DIVERSION RIVER EXIT","3DD.00773A6B23","Summer","RLCTRP","Upper Salmon","2014-05-22","Observation","2014-06-02 01:25:56","W",104,FALSE,"sockeye"
"LMJ","A-DIVERSION","3DD.00773A6BA0","Summer","RLCTRP","Upper Salmon","2014-05-04","Observation","2014-05-20 17:33:46","W",112,FALSE,"sockeye"
"GRJ","DIVERSION RIVER EXIT","3DD.00773A6BA0","Summer","RLCTRP","Upper Salmon","2014-05-04","Observation","2014-05-16 21:03:15","W",112,FALSE,"sockeye"
"GRJ","DIVERSION / SBYC GATE","3DD.00773A6BA0","Summer","RLCTRP","Upper Salmon","2014-05-04","Observation","2014-05-16 21:03:12","W",112,FALSE,"sockeye"
"LMJ","DIVERSION RIVER EXIT","3DD.00773A6BA0","Summer","RLCTRP","Upper Salmon","2014-05-04","Observation","2014-05-20 18:30:31","W",112,FALSE,"sockeye"
"GRJ","ADULT FISH RETURN","3DD.00773A6BB5","Summer","RLCTRP","Upper Salmon","2014-05-15","Observation","2014-05-24 05:40:43","W",102,FALSE,"sockeye"
"RLCTRP",NA,"3DD.00773A6BB5","Summer","RLCTRP","Upper Salmon","2014-05-15","Recapture","2014-05-16 05:20:00","W",102,FALSE,"sockeye"
"GRJ","ADULT FISH RETURN","3DD.00773A6BB5","Summer","RLCTRP","Upper Salmon","2014-05-15","Observation","2014-05-24 05:40:42","W",102,FALSE,"sockeye"
"ICHFFB","FULL FLOW BYPASS","3DD.00773A6D09","Summer","RLCTRP","Upper Salmon","2014-05-20","Observation","2014-05-31 20:05:56","W",110,FALSE,"sockeye"
"LMJ","B-DIVERSION","3DD.00773A6D09","Summer","RLCTRP","Upper Salmon","2014-05-20","Observation","2014-05-30 11:14:39","W",110,FALSE,"sockeye"
"RLCTRP",NA,"3DD.00773A6D09","Summer","RLCTRP","Upper Salmon","2014-05-20","Recapture","2014-05-21 08:20:00","W",110,FALSE,"sockeye"
"LMJ","DIVERSION RIVER EXIT","3DD.00773A6D09","Summer","RLCTRP","Upper Salmon","2014-05-20","Observation","2014-05-30 11:29:25","W",110,FALSE,"sockeye"
"ICHFFB","FULL FLOW BYPASS","3DD.00773A6D09","Summer","RLCTRP","Upper Salmon","2014-05-20","Observation","2014-05-31 20:05:58","W",110,FALSE,"sockeye"
"RLCTRP",NA,"3DD.00773A6D5B","Summer","RLCTRP","Upper Salmon","2014-05-13","Recapture","2014-05-14 08:53:00","W",104,FALSE,"sockeye"
"LMJ","A-DIVERSION","3DD.00773A6D5B","Summer","RLCTRP","Upper Salmon","2014-05-13","Observation","2014-05-25 01:00:52","W",104,FALSE,"sockeye"
"GRJ","DIVERSION / SBYC GATE","3DD.00773A6D5B","Summer","RLCTRP","Upper Salmon","2014-05-13","Observation","2014-05-21 09:53:06","W",104,FALSE,"sockeye"
"GRJ","DIVERSION RIVER EXIT","3DD.00773A6D5B","Summer","RLCTRP","Upper Salmon","2014-05-13","Observation","2014-05-21 09:53:09","W",104,FALSE,"sockeye"
"LMJ","DIVERSION RIVER EXIT","3DD.00773A6D5B","Summer","RLCTRP","Upper Salmon","2014-05-13","Observation","2014-05-25 01:04:21","W",104,FALSE,"sockeye"
"BCC","15X15 FULL-FLOW ANTENNA","3DD.00773A74B0","Summer","RLCTRP","Upper Salmon","2014-05-21","Observation","2014-06-04 18:07:16","W",102,FALSE,"sockeye"
"GRJ","DIVERSION RIVER EXIT","3DD.00773A74B0","Summer","RLCTRP","Upper Salmon","2014-05-21","Observation","2014-05-27 16:38:35","W",102,FALSE,"sockeye"
"GOJ","DIVERSION RIVER EXIT","3DD.00773A74B0","Summer","RLCTRP","Upper Salmon","2014-05-21","Observation","2014-05-29 04:45:04","W",102,FALSE,"sockeye"
"GOJ","DIVERSION SBYC GATE","3DD.00773A74B0","Summer","RLCTRP","Upper Salmon","2014-05-21","Observation","2014-05-29 04:45:01","W",102,FALSE,"sockeye"
"GRJ","DIVERSION / SBYC GATE","3DD.00773A74B0","Summer","RLCTRP","Upper Salmon","2014-05-21","Observation","2014-05-27 16:38:33","W",102,FALSE,"sockeye"
"LMJ","FULL FLOW BYPASS","3DD.00773A7954","Summer","RLCTRP","Upper Salmon","2014-05-06","Observation","2014-05-24 10:15:07","W",105,FALSE,"sockeye"
"BCC","15X15 FULL-FLOW ANTENNA","3DD.00773A7954","Summer","RLCTRP","Upper Salmon","2014-05-06","Observation","2014-05-31 06:59:27","W",105,FALSE,"sockeye"
"BCC","15X15 FULL-FLOW ANTENNA","3DD.00773A7954","Summer","RLCTRP","Upper Salmon","2014-05-06","Observation","2014-05-31 06:59:26","W",105,FALSE,"sockeye"
"LMJ","ADULT FISH RETURN","3DD.00773A7954","Summer","RLCTRP","Upper Salmon","2014-05-06","Observation","2014-05-24 11:05:50","W",105,FALSE,"sockeye"
"LMJ","FULL FLOW BYPASS","3DD.00773A804C","Summer","RLCTRP","Upper Salmon","2014-05-07","Observation","2014-05-29 06:01:13","W",117,FALSE,"sockeye"
"GRJ","DIVERSION RIVER EXIT","3DD.00773A804C","Summer","RLCTRP","Upper Salmon","2014-05-07","Observation","2014-05-20 11:26:35","W",117,FALSE,"sockeye"
"RLCTRP",NA,"3DD.00773A804C","Summer","RLCTRP","Upper Salmon","2014-05-07","Recapture","2014-05-08 08:23:00","W",117,FALSE,"sockeye"
"LMJ","ADULT FISH RETURN","3DD.00773A804C","Summer","RLCTRP","Upper Salmon","2014-05-07","Observation","2014-05-29 06:08:35","W",117,FALSE,"sockeye"
"GRJ","DIVERSION / SBYC GATE","3DD.00773A804C","Summer","RLCTRP","Upper Salmon","2014-05-07","Observation","2014-05-20 11:26:33","W",117,FALSE,"sockeye"
"LMJ","B-DIVERSION","3DD.00773A8B15","Summer","RLCTRP","Upper Salmon","2014-05-14","Observation","2014-05-27 23:29:19","W",95,FALSE,"sockeye"
"LMJ","DIVERSION RIVER EXIT","3DD.00773A8B15","Summer","RLCTRP","Upper Salmon","2014-05-14","Observation","2014-05-27 23:30:02","W",95,FALSE,"sockeye"
"RLCTRP",NA,"3DD.00773A8B15","Summer","RLCTRP","Upper Salmon","2014-05-14","Recapture","2014-05-15 10:38:00","W",95,FALSE,"sockeye"
"LMJ","DIVERSION RIVER EXIT","3DD.00773A8F18","Summer","RLCTRP","Upper Salmon","2014-04-29","Observation","2014-05-18 20:03:53","W",114,FALSE,"sockeye"
"RLCTRP",NA,"3DD.00773A8F18","Summer","RLCTRP","Upper Salmon","2014-04-29","Recapture","2014-04-30 08:35:00","W",114,FALSE,"sockeye"
"LMJ","A-DIVERSION","3DD.00773A8F18","Summer","RLCTRP","Upper Salmon","2014-04-29","Observation","2014-05-18 19:59:36","W",114,FALSE,"sockeye"
"GOJ","DIVERSION SBYC GATE","3DD.00773A9C51","Summer","RLCTRP","Upper Salmon","2014-05-21","Observation","2014-06-01 01:20:44","W",106,FALSE,"sockeye"
"GOJ","DIVERSION RIVER EXIT","3DD.00773A9C51","Summer","RLCTRP","Upper Salmon","2014-05-21","Observation","2014-06-01 01:20:47","W",106,FALSE,"sockeye"
"GOJ","DIVERSION RIVER EXIT","3DD.00773A9D5D","Summer","RLCTRP","Upper Salmon","2014-05-21","Observation","2014-05-28 19:36:22","W",106,FALSE,"sockeye"
"GOJ","DIVERSION SBYC GATE","3DD.00773A9D5D","Summer","RLCTRP","Upper Salmon","2014-05-21","Observation","2014-05-28 19:36:19","W",106,FALSE,"sockeye"
"LMJ","DIVERSION RIVER EXIT","3DD.00773AA57B","Summer","RLCTRP","Upper Salmon","2014-05-22","Observation","2014-05-31 22:28:09","W",104,FALSE,"sockeye"
"GRJ","DIVERSION RIVER EXIT","3DD.00773AA57B","Summer","RLCTRP","Upper Salmon","2014-05-22","Observation","2014-05-29 06:33:42","W",104,FALSE,"sockeye"
"LMJ","DIVERSION RIVER EXIT","3DD.00773AA57B","Summer","RLCTRP","Upper Salmon","2014-05-22","Observation","2014-05-31 22:28:08","W",104,FALSE,"sockeye"
"GRJ","DIVERSION / SBYC GATE","3DD.00773AA57B","Summer","RLCTRP","Upper Salmon","2014-05-22","Observation","2014-05-29 06:33:40","W",104,FALSE,"sockeye"
"GOJ","DIVERSION RIVER EXIT","3DD.00773ABD9C","Summer","RLCTRP","Upper Salmon","2014-05-20","Observation","2014-05-29 08:01:23","W",107,FALSE,"sockeye"
"GOJ","DIVERSION RIVER EXIT","3DD.00773ABD9C","Summer","RLCTRP","Upper Salmon","2014-05-20","Observation","2014-05-29 08:01:22","W",107,FALSE,"sockeye"
"ICHFFB","FULL FLOW BYPASS","3DD.00773ABD9C","Summer","RLCTRP","Upper Salmon","2014-05-20","Observation","2014-05-31 12:19:41","W",107,FALSE,"sockeye"
"ICHFFB","FULL FLOW BYPASS","3DD.00773ABD9C","Summer","RLCTRP","Upper Salmon","2014-05-20","Observation","2014-05-31 12:19:38","W",107,FALSE,"sockeye"
"JDJ","RIVER EXIT","3DD.00773ABDB3","Summer","RLCTRP","Upper Salmon","2014-05-21","Observation","2014-06-05 21:35:49","W",117,FALSE,"sockeye"
"ICHFFB","FULL FLOW BYPASS","3DD.00773ABDB3","Summer","RLCTRP","Upper Salmon","2014-05-21","Observation","2014-06-02 13:42:05","W",117,FALSE,"sockeye"
"ICHFFB","FULL FLOW BYPASS","3DD.00773ABDB3","Summer","RLCTRP","Upper Salmon","2014-05-21","Observation","2014-06-02 13:42:03","W",117,FALSE,"sockeye"
"JDJ","RIVER EXIT","3DD.00773ABDB3","Summer","RLCTRP","Upper Salmon","2014-05-21","Observation","2014-06-05 21:35:50","W",117,FALSE,"sockeye"
"MCJ","FULL FLOW BYPASS","3DD.00773ABDB3","Summer","RLCTRP","Upper Salmon","2014-05-21","Observation","2014-06-04 09:31:36","W",117,FALSE,"sockeye"
"MCJ","FULL FLOW BYPASS","3DD.00773ABDB3","Summer","RLCTRP","Upper Salmon","2014-05-21","Observation","2014-06-04 09:31:39","W",117,FALSE,"sockeye"
"GRJ","DIVERSION / SBYC GATE","3DD.00773ACE01","Summer","RLCTRP","Upper Salmon","2014-05-22","Observation","2014-05-28 02:31:00","W",113,FALSE,"sockeye"
"ESANIS",NA,"3DD.00773ACE01","Summer","RLCTRP","Upper Salmon","2014-05-22","Recovery","2015-10-21 00:00:00","W",113,FALSE,"sockeye"
"GRJ","DIVERSION RIVER EXIT","3DD.00773ACE01","Summer","RLCTRP","Upper Salmon","2014-05-22","Observation","2014-05-28 02:31:02","W",113,FALSE,"sockeye"
"GOJ","DIVERSION RIVER EXIT","3DD.00773ADBA1","Summer","RLCTRP","Upper Salmon","2014-05-16","Observation","2014-05-29 21:47:54","W",97,FALSE,"sockeye"
"GOJ","DIVERSION SBYC GATE","3DD.00773ADBA1","Summer","RLCTRP","Upper Salmon","2014-05-16","Observation","2014-05-29 21:47:51","W",97,FALSE,"sockeye"
"TWX","MATRIX TRAWL [CURRENT]","3DD.00773AE645","Summer","RLCTRP","Upper Salmon","2014-05-14","Observation","2014-06-03 23:07:40","W",101,FALSE,"sockeye"
"GOJ","A-RACEWAY / RIVER EXIT","3DD.00773AE658","Summer","RLCTRP","Upper Salmon","2014-05-16","Observation","2014-05-26 10:14:27","W",98,TRUE,"sockeye"
"GOJ","A-RACEWAY / RIVER EXIT","3DD.00773AE658","Summer","RLCTRP","Upper Salmon","2014-05-16","Observation","2014-05-26 10:14:26","W",98,TRUE,"sockeye"
"GOJ","DIVERSION RIVER EXIT","3DD.00773AE7F1","Summer","RLCTRP","Upper Salmon","2014-05-12","Observation","2014-05-28 17:36:27","W",96,FALSE,"sockeye"
"GOJ","DIVERSION RIVER EXIT","3DD.00773AE7F1","Summer","RLCTRP","Upper Salmon","2014-05-12","Observation","2014-05-28 17:36:26","W",96,FALSE,"sockeye"
"GOJ","DIVERSION RIVER EXIT","3DD.00773AF5B5","Summer","RLCTRP","Upper Salmon","2014-05-05","Observation","2014-05-18 22:47:20","W",98,FALSE,"sockeye"
"LMJ","FULL FLOW BYPASS","3DD.00773AF5B5","Summer","RLCTRP","Upper Salmon","2014-05-05","Observation","2014-05-20 06:38:42","W",98,FALSE,"sockeye"
"GOJ","DIVERSION SBYC GATE","3DD.00773AF5B5","Summer","RLCTRP","Upper Salmon","2014-05-05","Observation","2014-05-18 22:47:17","W",98,FALSE,"sockeye"
"LMJ","ADULT FISH RETURN","3DD.00773AF5B5","Summer","RLCTRP","Upper Salmon","2014-05-05","Observation","2014-05-20 06:50:48","W",98,FALSE,"sockeye"
"RLCTRP",NA,"3DD.00773AF5E8","Summer","RLCTRP","Upper Salmon","2014-05-20","Recapture","2014-05-21 08:20:00","W",108,FALSE,"sockeye"
"GOJ","DIVERSION RIVER EXIT","3DD.00773AF5E8","Summer","RLCTRP","Upper Salmon","2014-05-20","Observation","2014-05-27 21:12:21","W",108,FALSE,"sockeye"
"MCJ","RIVER EXIT","3DD.00773AF5E8","Summer","RLCTRP","Upper Salmon","2014-05-20","Observation","2014-06-05 14:31:59","W",108,FALSE,"sockeye"
"MCJ","RIVER EXIT","3DD.00773AF5E8","Summer","RLCTRP","Upper Salmon","2014-05-20","Observation","2014-06-05 14:32:00","W",108,FALSE,"sockeye"
"GOJ","DIVERSION RIVER EXIT","3DD.00773AF5E8","Summer","RLCTRP","Upper Salmon","2014-05-20","Observation","2014-05-27 21:12:22","W",108,FALSE,"sockeye"
"GOJ","DIVERSION RIVER EXIT","3DD.00773AF645","Summer","RLCTRP","Upper Salmon","2014-05-15","Observation","2014-05-26 20:59:20","W",101,FALSE,"sockeye"
"ESANIS",NA,"3DD.00773AF645","Summer","RLCTRP","Upper Salmon","2014-05-15","Recovery","2016-10-19 11:00:00","W",101,FALSE,"sockeye"
"GRJ","DIVERSION RIVER EXIT","3DD.00773AF645","Summer","RLCTRP","Upper Salmon","2014-05-15","Observation","2014-05-23 12:38:29","W",101,FALSE,"sockeye"
"GRJ","DIVERSION RIVER EXIT","3DD.00773AF645","Summer","RLCTRP","Upper Salmon","2014-05-15","Observation","2014-05-23 12:38:28","W",101,FALSE,"sockeye"
"RLCTRP",NA,"3DD.00773AF645","Summer","RLCTRP","Upper Salmon","2014-05-15","Recapture","2014-05-16 05:20:00","W",101,FALSE,"sockeye"
"GOJ","DIVERSION RIVER EXIT","3DD.00773AF645","Summer","RLCTRP","Upper Salmon","2014-05-15","Observation","2014-05-26 20:59:19","W",101,FALSE,"sockeye"
"ESANIS",NA,"3DD.00773AF645","Summer","RLCTRP","Upper Salmon","2014-05-15","Recovery","2014-10-16 00:00:00","W",101,FALSE,"sockeye"
"GRJ","DIVERSION RIVER EXIT","3DD.00773AF77E","Summer","RLCTRP","Upper Salmon","2014-05-13","Observation","2014-05-22 00:56:22","W",102,FALSE,"sockeye"
"GOJ","DIVERSION SBYC GATE","3DD.00773AF77E","Summer","RLCTRP","Upper Salmon","2014-05-13","Observation","2014-05-24 15:28:36","W",102,FALSE,"sockeye"
"CRESIS",NA,"3DD.00773AF77E","Summer","RLCTRP","Upper Salmon","2014-05-13","Recovery","2014-08-04 00:00:00","W",102,FALSE,"sockeye"
"GOJ","DIVERSION RIVER EXIT","3DD.00773AF77E","Summer","RLCTRP","Upper Salmon","2014-05-13","Observation","2014-05-24 15:28:38","W",102,FALSE,"sockeye"
"GRJ","DIVERSION / SBYC GATE","3DD.00773AF77E","Summer","RLCTRP","Upper Salmon","2014-05-13","Observation","2014-05-22 00:56:20","W",102,FALSE,"sockeye"
"GRJ","DIVERSION / SBYC GATE","3DD.00773B04B6","Summer","RLCTRP","Upper Salmon","2014-05-14","Observation","2014-05-24 08:15:07","W",104,FALSE,"sockeye"
"GRJ","DIVERSION RIVER EXIT","3DD.00773B04B6","Summer","RLCTRP","Upper Salmon","2014-05-14","Observation","2014-05-24 08:15:09","W",104,FALSE,"sockeye"
"RLCTRP",NA,"3DD.00773B04B6","Summer","RLCTRP","Upper Salmon","2014-05-14","Recapture","2014-05-15 10:38:00","W",104,FALSE,"sockeye"
"RLCTRP",NA,"3DD.00773B101A","Summer","RLCTRP","Upper Salmon","2014-05-13","Recapture","2014-05-14 08:53:00","W",104,FALSE,"sockeye"
"GOJ","FULL FLOW BYPASS","3DD.00773B101A","Summer","RLCTRP","Upper Salmon","2014-05-13","Observation","2014-05-25 02:42:22","W",104,FALSE,"sockeye"
"GOJ","DIVERSION RIVER EXIT","3DD.00773B101A","Summer","RLCTRP","Upper Salmon","2014-05-13","Observation","2014-05-25 15:49:16","W",104,FALSE,"sockeye"
"GRJ","DIVERSION RIVER EXIT","3DD.00773B101A","Summer","RLCTRP","Upper Salmon","2014-05-13","Observation","2014-05-22 23:40:30","W",104,FALSE,"sockeye"
"GRJ","DIVERSION RIVER EXIT","3DD.00773B101A","Summer","RLCTRP","Upper Salmon","2014-05-13","Observation","2014-05-22 23:40:31","W",104,FALSE,"sockeye"
"GOJ","DIVERSION RIVER EXIT","3DD.00773B101A","Summer","RLCTRP","Upper Salmon","2014-05-13","Observation","2014-05-25 15:49:17","W",104,FALSE,"sockeye"
"GOJ","DIVERSION RIVER EXIT","3DD.00773B11A5","Summer","RLCTRP","Upper Salmon","2014-05-13","Observation","2014-05-24 21:40:37","W",102,FALSE,"sockeye"
"GRJ","DIVERSION / SBYC GATE","3DD.00773B11A5","Summer","RLCTRP","Upper Salmon","2014-05-13","Observation","2014-05-20 20:43:58","W",102,FALSE,"sockeye"
"GOJ","DIVERSION RIVER EXIT","3DD.00773B11A5","Summer","RLCTRP","Upper Salmon","2014-05-13","Observation","2014-05-24 21:40:38","W",102,FALSE,"sockeye"
"GRJ","DIVERSION RIVER EXIT","3DD.00773B11A5","Summer","RLCTRP","Upper Salmon","2014-05-13","Observation","2014-05-20 20:44:00","W",102,FALSE,"sockeye"
"RLCTRP",NA,"3DD.00773B11A5","Summer","RLCTRP","Upper Salmon","2014-05-13","Recapture","2014-05-14 08:53:00","W",102,FALSE,"sockeye"
"GRJ","ADULT FISH RETURN","3DD.00773B1349","Summer","RLCTRP","Upper Salmon","2014-05-22","Observation","2014-05-28 10:59:17","W",107,FALSE,"sockeye"
"GRJ","DIVERSION / SBYC GATE","3DD.00773B1C4E","Summer","RLCTRP","Upper Salmon","2014-05-16","Observation","2014-05-23 22:24:47","W",113,FALSE,"sockeye"
"JDJ","RIVER EXIT","3DD.00773B1C4E","Summer","RLCTRP","Upper Salmon","2014-05-16","Observation","2014-06-02 01:11:02","W",113,FALSE,"sockeye"
"GRJ","DIVERSION RIVER EXIT","3DD.00773B1C4E","Summer","RLCTRP","Upper Salmon","2014-05-16","Observation","2014-05-23 22:24:49","W",113,FALSE,"sockeye"
"RLCTRP",NA,"3DD.00773B1C4E","Summer","RLCTRP","Upper Salmon","2014-05-16","Recapture","2014-05-17 08:33:00","W",113,FALSE,"sockeye"
"JDJ","RIVER EXIT","3DD.00773B1C4E","Summer","RLCTRP","Upper Salmon","2014-05-16","Observation","2014-06-02 01:11:03","W",113,FALSE,"sockeye"
"GOJ","DIVERSION RIVER EXIT","3DD.00773B1E86","Summer","RLCTRP","Upper Salmon","2014-05-10","Observation","2014-05-25 23:40:17","W",105,FALSE,"sockeye"
"GOJ","DIVERSION RIVER EXIT","3DD.00773B1E86","Summer","RLCTRP","Upper Salmon","2014-05-10","Observation","2014-05-25 23:40:16","W",105,FALSE,"sockeye"
"GRJ","A-SEPARATOR GATE","3DD.00773B1E86","Summer","RLCTRP","Upper Salmon","2014-05-10","Observation","2014-05-20 00:28:41","W",105,FALSE,"sockeye"
"RLCTRP",NA,"3DD.00773B1E86","Summer","RLCTRP","Upper Salmon","2014-05-10","Recapture","2014-05-11 09:30:00","W",105,FALSE,"sockeye"
"GRJ","DIVERSION / SBYC GATE","3DD.00773B1E86","Summer","RLCTRP","Upper Salmon","2014-05-10","Observation","2014-05-20 00:28:51","W",105,FALSE,"sockeye"
"GOJ","ADULT FISH RETURN","3DD.00773DD8DB","Summer","RLCTRP","Upper Salmon","2014-05-20","Observation","2014-05-30 21:01:19","W",110,FALSE,"sockeye"
"GOJ","ADULT FISH RETURN","3DD.00773DD8DB","Summer","RLCTRP","Upper Salmon","2014-05-20","Observation","2014-05-30 21:01:18","W",110,FALSE,"sockeye"
"MCJ","RIVER EXIT","3DD.00773DD917","Summer","RLCTRP","Upper Salmon","2014-05-16","Observation","2014-05-30 20:06:03","W",98,FALSE,"sockeye"
"MCJ","RIVER EXIT","3DD.00773DD917","Summer","RLCTRP","Upper Salmon","2014-05-16","Observation","2014-05-30 20:06:02","W",98,FALSE,"sockeye"
"RLCTRP",NA,"3DD.00773DD917","Summer","RLCTRP","Upper Salmon","2014-05-16","Recapture","2014-05-18 08:33:00","W",98,FALSE,"sockeye"
"GOJ","DIVERSION SBYC GATE","3DD.00773DE4E5","Summer","RLCTRP","Upper Salmon","2014-05-19","Observation","2014-05-27 12:10:02","W",96,FALSE,"sockeye"
"GRJ","DIVERSION / SBYC GATE","3DD.00773DE4E5","Summer","RLCTRP","Upper Salmon","2014-05-19","Observation","2014-05-25 20:18:19","W",96,FALSE,"sockeye"
"GOJ","DIVERSION RIVER EXIT","3DD.00773DE4E5","Summer","RLCTRP","Upper Salmon","2014-05-19","Observation","2014-05-27 12:10:05","W",96,FALSE,"sockeye"
"GRJ","DIVERSION RIVER EXIT","3DD.00773DE4E5","Summer","RLCTRP","Upper Salmon","2014-05-19","Observation","2014-05-25 20:18:21","W",96,FALSE,"sockeye"
"GRJ","DIVERSION / SBYC GATE","3DD.00773DE915","Summer","RLCTRP","Upper Salmon","2014-05-16","Observation","2014-05-23 04:37:36","W",99,FALSE,"sockeye"
"GRJ","DIVERSION RIVER EXIT","3DD.00773DE915","Summer","RLCTRP","Upper Salmon","2014-05-16","Observation","2014-05-23 04:37:38","W",99,FALSE,"sockeye"
"ICHFFB","FULL FLOW BYPASS","3DD.00773DEB4E","Summer","RLCTRP","Upper Salmon","2014-05-19","Observation","2014-05-27 20:06:23","W",104,FALSE,"sockeye"
"ICHFFB","FULL FLOW BYPASS","3DD.00773DEB4E","Summer","RLCTRP","Upper Salmon","2014-05-19","Observation","2014-05-27 20:06:25","W",104,FALSE,"sockeye"
"GRJ","DIVERSION RIVER EXIT","3DD.00773DEE8A","Summer","RLCTRP","Upper Salmon","2014-05-19","Observation","2014-05-25 21:09:15","W",105,FALSE,"sockeye"
"RLCTRP",NA,"3DD.00773DEE8A","Summer","RLCTRP","Upper Salmon","2014-05-19","Recapture","2014-05-19 09:10:00","W",105,FALSE,"sockeye"
"GRJ","DIVERSION RIVER EXIT","3DD.00773DEE8A","Summer","RLCTRP","Upper Salmon","2014-05-19","Observation","2014-05-25 21:09:14","W",105,FALSE,"sockeye"
"GRJ","DIVERSION / SBYC GATE","3DD.00773DF281","Summer","RLCTRP","Upper Salmon","2014-05-11","Observation","2014-05-23 20:28:25","W",108,FALSE,"sockeye"
"GOJ","DIVERSION RIVER EXIT","3DD.00773DF281","Summer","RLCTRP","Upper Salmon","2014-05-11","Observation","2014-05-26 18:28:37","W",108,FALSE,"sockeye"
"RLCTRP",NA,"3DD.00773DF281","Summer","RLCTRP","Upper Salmon","2014-05-11","Recapture","2014-05-14 08:53:00","W",108,FALSE,"sockeye"
"GRJ","DIVERSION RIVER EXIT","3DD.00773DF281","Summer","RLCTRP","Upper Salmon","2014-05-11","Observation","2014-05-23 20:28:27","W",108,FALSE,"sockeye"
"GOJ","DIVERSION RIVER EXIT","3DD.00773DF281","Summer","RLCTRP","Upper Salmon","2014-05-11","Observation","2014-05-26 18:28:38","W",108,FALSE,"sockeye"
"BCC","15X15 FULL-FLOW ANTENNA","3DD.00773DF342","Summer","RLCTRP","Upper Salmon","2014-05-19","Observation","2014-06-04 04:43:06","W",100,FALSE,"sockeye"
"GRJ","DIVERSION RIVER EXIT","3DD.00773DF342","Summer","RLCTRP","Upper Salmon","2014-05-19","Observation","2014-05-24 15:06:22","W",100,FALSE,"sockeye"
"JDJ","RIVER EXIT","3DD.00773DF342","Summer","RLCTRP","Upper Salmon","2014-05-19","Observation","2014-06-02 22:08:48","W",100,FALSE,"sockeye"
"GOJ","FULL FLOW BYPASS","3DD.00773DF342","Summer","RLCTRP","Upper Salmon","2014-05-19","Observation","2014-05-26 00:50:37","W",100,FALSE,"sockeye"
"GOJ","DIVERSION RIVER EXIT","3DD.00773DF342","Summer","RLCTRP","Upper Salmon","2014-05-19","Observation","2014-05-28 15:09:40","W",100,FALSE,"sockeye"
"GOJ","DIVERSION RIVER EXIT","3DD.00773DF342","Summer","RLCTRP","Upper Salmon","2014-05-19","Observation","2014-05-28 15:09:41","W",100,FALSE,"sockeye"
"GRJ","DIVERSION RIVER EXIT","3DD.00773DF342","Summer","RLCTRP","Upper Salmon","2014-05-19","Observation","2014-05-24 15:06:21","W",100,FALSE,"sockeye"
"JDJ","RIVER EXIT","3DD.00773DF342","Summer","RLCTRP","Upper Salmon","2014-05-19","Observation","2014-06-02 22:08:47","W",100,FALSE,"sockeye"
"CBLAIS",NA,"3DD.00773DFC45","Summer","RLCTRP","Upper Salmon","2014-05-19","Recovery","2015-08-17 00:00:00","W",105,FALSE,"sockeye"
"GRJ","DIVERSION / SBYC GATE","3DD.00773DFC45","Summer","RLCTRP","Upper Salmon","2014-05-19","Observation","2014-05-25 21:15:53","W",105,FALSE,"sockeye"
"RLCTRP",NA,"3DD.00773DFC45","Summer","RLCTRP","Upper Salmon","2014-05-19","Recapture","2014-05-19 09:10:00","W",105,FALSE,"sockeye"
"GRJ","DIVERSION RIVER EXIT","3DD.00773DFC45","Summer","RLCTRP","Upper Salmon","2014-05-19","Observation","2014-05-25 21:15:55","W",105,FALSE,"sockeye"
"LMJ","DIVERSION RIVER EXIT","3DD.00773DFFC6","Summer","RLCTRP","Upper Salmon","2014-05-20","Observation","2014-06-01 20:50:27","W",106,FALSE,"sockeye"
"RLCTRP",NA,"3DD.00773DFFC6","Summer","RLCTRP","Upper Salmon","2014-05-20","Recapture","2014-05-22 08:20:00","W",106,FALSE,"sockeye"
"LMJ","A-DIVERSION","3DD.00773DFFC6","Summer","RLCTRP","Upper Salmon","2014-05-20","Observation","2014-06-01 20:44:50","W",106,FALSE,"sockeye"
"JDJ","RIVER EXIT","3DD.00773DFFC6","Summer","RLCTRP","Upper Salmon","2014-05-20","Observation","2014-06-08 09:00:21","W",106,FALSE,"sockeye"
"JDJ","RIVER EXIT","3DD.00773DFFC6","Summer","RLCTRP","Upper Salmon","2014-05-20","Observation","2014-06-08 09:00:20","W",106,FALSE,"sockeye"
"GOJ","DIVERSION RIVER EXIT","3DD.00773E03A7","Summer","RLCTRP","Upper Salmon","2014-05-11","Observation","2014-05-24 20:34:42","W",111,FALSE,"sockeye"
"RLCTRP",NA,"3DD.00773E03A7","Summer","RLCTRP","Upper Salmon","2014-05-11","Recapture","2014-05-14 08:53:00","W",111,FALSE,"sockeye"
"GRJ","DIVERSION / SBYC GATE","3DD.00773E03A7","Summer","RLCTRP","Upper Salmon","2014-05-11","Observation","2014-05-20 20:39:45","W",111,FALSE,"sockeye"
"GRJ","DIVERSION RIVER EXIT","3DD.00773E03A7","Summer","RLCTRP","Upper Salmon","2014-05-11","Observation","2014-05-20 20:39:47","W",111,FALSE,"sockeye"
"JDJ","RIVER EXIT","3DD.00773E03A7","Summer","RLCTRP","Upper Salmon","2014-05-11","Observation","2014-05-30 10:39:51","W",111,FALSE,"sockeye"
"JDJ","RIVER EXIT","3DD.00773E03A7","Summer","RLCTRP","Upper Salmon","2014-05-11","Observation","2014-05-30 10:39:52","W",111,FALSE,"sockeye"
"GOJ","DIVERSION RIVER EXIT","3DD.00773E03A7","Summer","RLCTRP","Upper Salmon","2014-05-11","Observation","2014-05-24 20:34:43","W",111,FALSE,"sockeye"
"LMJ","ADULT FISH RETURN","3DD.00773E06CF","Summer","RLCTRP","Upper Salmon","2014-05-08","Observation","2014-05-23 07:51:45","W",108,FALSE,"sockeye"
"GRJ","DIVERSION RIVER EXIT","3DD.00773E06CF","Summer","RLCTRP","Upper Salmon","2014-05-08","Observation","2014-05-18 20:33:12","W",108,FALSE,"sockeye"
"RLCTRP",NA,"3DD.00773E06CF","Summer","RLCTRP","Upper Salmon","2014-05-08","Recapture","2014-05-09 09:19:00","W",108,FALSE,"sockeye"
"LMJ","FULL FLOW BYPASS","3DD.00773E06CF","Summer","RLCTRP","Upper Salmon","2014-05-08","Observation","2014-05-23 07:15:58","W",108,FALSE,"sockeye"
"GRJ","DIVERSION RIVER EXIT","3DD.00773E06CF","Summer","RLCTRP","Upper Salmon","2014-05-08","Observation","2014-05-18 20:33:13","W",108,FALSE,"sockeye"
"LMJ","DIVERSION RIVER EXIT","3DD.00773E0807","Summer","RLCTRP","Upper Salmon","2014-05-17","Observation","2014-05-29 20:44:53","W",101,FALSE,"sockeye"
"LMJ","DIVERSION RIVER EXIT","3DD.00773E0807","Summer","RLCTRP","Upper Salmon","2014-05-17","Observation","2014-05-29 20:44:52","W",101,FALSE,"sockeye"
"GOJ","DIVERSION SBYC GATE","3DD.00773E0807","Summer","RLCTRP","Upper Salmon","2014-05-17","Observation","2014-05-27 01:13:09","W",101,FALSE,"sockeye"
"GOJ","DIVERSION RIVER EXIT","3DD.00773E0807","Summer","RLCTRP","Upper Salmon","2014-05-17","Observation","2014-05-27 01:13:11","W",101,FALSE,"sockeye"
"GOJ","DIVERSION RIVER EXIT","3DD.00773E0871","Summer","RLCTRP","Upper Salmon","2014-05-17","Observation","2014-05-27 20:48:47","W",92,FALSE,"sockeye"
"GOJ","DIVERSION SBYC GATE","3DD.00773E0871","Summer","RLCTRP","Upper Salmon","2014-05-17","Observation","2014-05-27 20:48:44","W",92,FALSE,"sockeye"
"MCJ","FULL FLOW BYPASS","3DD.00773E0871","Summer","RLCTRP","Upper Salmon","2014-05-17","Observation","2014-06-02 17:31:02","W",92,FALSE,"sockeye"
"MCJ","FULL FLOW BYPASS","3DD.00773E0871","Summer","RLCTRP","Upper Salmon","2014-05-17","Observation","2014-06-02 17:31:05","W",92,FALSE,"sockeye"
"RLCTRP",NA,"3DD.00773E0FF6","Summer","RLCTRP","Upper Salmon","2014-05-12","Recapture","2014-05-13 09:10:00","W",116,FALSE,"sockeye"
"LMJ","DIVERSION RIVER EXIT","3DD.00773E0FF6","Summer","RLCTRP","Upper Salmon","2014-05-12","Observation","2014-05-25 20:10:43","W",116,FALSE,"sockeye"
"LMJ","A-DIVERSION","3DD.00773E0FF6","Summer","RLCTRP","Upper Salmon","2014-05-12","Observation","2014-05-25 20:10:23","W",116,FALSE,"sockeye"
"LMJ","B-DIVERSION","3DD.00773E1517","Summer","RLCTRP","Upper Salmon","2014-05-20","Observation","2014-05-26 20:12:15","W",140,FALSE,"sockeye"
"GOJ","DIVERSION RIVER EXIT","3DD.00773E1517","Summer","RLCTRP","Upper Salmon","2014-05-20","Observation","2014-05-25 22:11:48","W",140,FALSE,"sockeye"
"LMJ","DIVERSION RIVER EXIT","3DD.00773E1517","Summer","RLCTRP","Upper Salmon","2014-05-20","Observation","2014-05-26 20:12:27","W",140,FALSE,"sockeye"
"GOJ","DIVERSION RIVER EXIT","3DD.00773E1517","Summer","RLCTRP","Upper Salmon","2014-05-20","Observation","2014-05-25 22:11:49","W",140,FALSE,"sockeye"
"B2J","RIVER EXIT","3DD.00773E18A9","Summer","RLCTRP","Upper Salmon","2014-05-19","Observation","2014-06-04 21:41:02","W",100,FALSE,"sockeye"
"B2J","RIVER EXIT","3DD.00773E18A9","Summer","RLCTRP","Upper Salmon","2014-05-19","Observation","2014-06-04 21:41:01","W",100,FALSE,"sockeye"
"LMJ","DIVERSION RIVER EXIT","3DD.00773E18A9","Summer","RLCTRP","Upper Salmon","2014-05-19","Observation","2014-05-29 22:10:59","W",100,FALSE,"sockeye"
"LMJ","DIVERSION RIVER EXIT","3DD.00773E18A9","Summer","RLCTRP","Upper Salmon","2014-05-19","Observation","2014-05-29 22:11:00","W",100,FALSE,"sockeye"
"GRJ","DIVERSION RIVER EXIT","3DD.00773E1A15","Summer","RLCTRP","Upper Salmon","2014-05-19","Observation","2014-05-25 10:41:51","W",94,FALSE,"sockeye"
"MCJ","FULL FLOW BYPASS","3DD.00773E1A15","Summer","RLCTRP","Upper Salmon","2014-05-19","Observation","2014-06-09 02:11:21","W",94,FALSE,"sockeye"
"GRJ","DIVERSION RIVER EXIT","3DD.00773E1A15","Summer","RLCTRP","Upper Salmon","2014-05-19","Observation","2014-05-25 10:41:50","W",94,FALSE,"sockeye"
"MCJ","FULL FLOW BYPASS","3DD.00773E1A15","Summer","RLCTRP","Upper Salmon","2014-05-19","Observation","2014-06-09 02:11:18","W",94,FALSE,"sockeye"
"GRJ","DIVERSION RIVER EXIT","3DD.00773E1C9A","Summer","RLCTRP","Upper Salmon","2014-05-11","Observation","2014-05-19 20:56:14","W",128,FALSE,"sockeye"
"RLCTRP",NA,"3DD.00773E1C9A","Summer","RLCTRP","Upper Salmon","2014-05-11","Recapture","2014-05-12 08:28:00","W",128,FALSE,"sockeye"
"GRJ","DIVERSION / SBYC GATE","3DD.00773E1C9A","Summer","RLCTRP","Upper Salmon","2014-05-11","Observation","2014-05-19 20:56:13","W",128,FALSE,"sockeye"
"GOJ","DIVERSION SBYC GATE","3DD.00773E1E00","Summer","RLCTRP","Upper Salmon","2014-05-17","Observation","2014-05-28 04:58:41","W",109,FALSE,"sockeye"
"GOJ","DIVERSION RIVER EXIT","3DD.00773E1E00","Summer","RLCTRP","Upper Salmon","2014-05-17","Observation","2014-05-28 04:58:44","W",109,FALSE,"sockeye"
"GOJ","DIVERSION SBYC GATE","3DD.00773E2968","Summer","RLCTRP","Upper Salmon","2014-05-19","Observation","2014-05-25 23:18:20","W",121,FALSE,"sockeye"
"GOJ","DIVERSION RIVER EXIT","3DD.00773E2968","Summer","RLCTRP","Upper Salmon","2014-05-19","Observation","2014-05-25 23:18:23","W",121,FALSE,"sockeye"
"GOJ","FULL FLOW BYPASS","3DD.00773E2D18","Summer","RLCTRP","Upper Salmon","2014-05-16","Observation","2014-05-27 21:48:03","W",104,FALSE,"sockeye"
"JDJ","RIVER EXIT","3DD.00773E2D18","Summer","RLCTRP","Upper Salmon","2014-05-16","Observation","2014-06-02 12:38:12","W",104,FALSE,"sockeye"
"LMJ","B-DIVERSION","3DD.00773E2D18","Summer","RLCTRP","Upper Salmon","2014-05-16","Observation","2014-05-28 23:51:15","W",104,FALSE,"sockeye"
"GOJ","ADULT FISH RETURN","3DD.00773E2D18","Summer","RLCTRP","Upper Salmon","2014-05-16","Observation","2014-05-27 22:13:28","W",104,FALSE,"sockeye"
"JDJ","RIVER EXIT","3DD.00773E2D18","Summer","RLCTRP","Upper Salmon","2014-05-16","Observation","2014-06-02 12:38:11","W",104,FALSE,"sockeye"
"LMJ","DIVERSION RIVER EXIT","3DD.00773E2D18","Summer","RLCTRP","Upper Salmon","2014-05-16","Observation","2014-05-28 23:52:40","W",104,FALSE,"sockeye"
"GRJ","DIVERSION / SBYC GATE","3DD.00773E3F84","Summer","RLCTRP","Upper Salmon","2014-05-17","Observation","2014-05-24 06:43:10","W",105,FALSE,"sockeye"
"GRJ","DIVERSION RIVER EXIT","3DD.00773E3F84","Summer","RLCTRP","Upper Salmon","2014-05-17","Observation","2014-05-24 06:43:12","W",105,FALSE,"sockeye"
"RLCTRP",NA,"3DD.00773E3F84","Summer","RLCTRP","Upper Salmon","2014-05-17","Recapture","2014-05-18 08:33:00","W",105,FALSE,"sockeye"
"RLCTRP",NA,"3DD.00773E4251","Summer","RLCTRP","Upper Salmon","2014-05-08","Recapture","2014-05-09 09:19:00","W",108,FALSE,"sockeye"
"GRJ","DIVERSION / SBYC GATE","3DD.00773E4251","Summer","RLCTRP","Upper Salmon","2014-05-08","Observation","2014-05-19 02:02:50","W",108,FALSE,"sockeye"
"GRJ","DIVERSION RIVER EXIT","3DD.00773E4251","Summer","RLCTRP","Upper Salmon","2014-05-08","Observation","2014-05-19 02:02:52","W",108,FALSE,"sockeye"
"CBLAIS",NA,"3DD.00773E4251","Summer","RLCTRP","Upper Salmon","2014-05-08","Recovery","2014-08-11 00:00:00","W",108,FALSE,"sockeye"
"MCJ","RIVER EXIT","3DD.00773E4687","Summer","RLCTRP","Upper Salmon","2014-05-09","Observation","2014-05-23 04:57:31","W",119,FALSE,"sockeye"
"MCJ","RIVER EXIT","3DD.00773E4687","Summer","RLCTRP","Upper Salmon","2014-05-09","Observation","2014-05-23 04:57:33","W",119,FALSE,"sockeye"
"GRJ","DIVERSION RIVER EXIT","3DD.00773E4687","Summer","RLCTRP","Upper Salmon","2014-05-09","Observation","2014-05-17 20:56:28","W",119,FALSE,"sockeye"
"RLCTRP",NA,"3DD.00773E4687","Summer","RLCTRP","Upper Salmon","2014-05-09","Recapture","2014-05-10 09:16:00","W",119,FALSE,"sockeye"
"GRJ","DIVERSION / SBYC GATE","3DD.00773E4687","Summer","RLCTRP","Upper Salmon","2014-05-09","Observation","2014-05-17 20:56:26","W",119,FALSE,"sockeye"
"GRJ","DIVERSION RIVER EXIT","3DD.00773E4A34","Summer","RLCTRP","Upper Salmon","2014-05-20","Observation","2014-05-27 02:17:34","W",119,FALSE,"sockeye"
"GRJ","DIVERSION / SBYC GATE","3DD.00773E4A34","Summer","RLCTRP","Upper Salmon","2014-05-20","Observation","2014-05-27 02:17:32","W",119,FALSE,"sockeye"
"RLCTRP",NA,"3DD.00773E4A34","Summer","RLCTRP","Upper Salmon","2014-05-20","Recapture","2014-05-20 08:15:00","W",119,FALSE,"sockeye"
"GRJ","DIVERSION RIVER EXIT","3DD.00773E4E47","Summer","RLCTRP","Upper Salmon","2014-05-19","Observation","2014-05-25 03:20:42","W",99,FALSE,"sockeye"
"GRJ","DIVERSION RIVER EXIT","3DD.00773E4E47","Summer","RLCTRP","Upper Salmon","2014-05-19","Observation","2014-05-25 03:20:41","W",99,FALSE,"sockeye"
"RLCTRP",NA,"3DD.00773E4F02","Summer","RLCTRP","Upper Salmon","2014-05-11","Recapture","2014-05-12 08:28:00","W",92,FALSE,"sockeye"
"GOJ","DIVERSION SBYC GATE","3DD.00773E4F02","Summer","RLCTRP","Upper Salmon","2014-05-11","Observation","2014-05-22 20:36:43","W",92,FALSE,"sockeye"
"GOJ","DIVERSION RIVER EXIT","3DD.00773E4F02","Summer","RLCTRP","Upper Salmon","2014-05-11","Observation","2014-05-22 20:36:45","W",92,FALSE,"sockeye"
"GRJ","DIVERSION / SBYC GATE","3DD.00773E4F02","Summer","RLCTRP","Upper Salmon","2014-05-11","Observation","2014-05-20 14:53:38","W",92,FALSE,"sockeye"
"GRJ","DIVERSION RIVER EXIT","3DD.00773E4F02","Summer","RLCTRP","Upper Salmon","2014-05-11","Observation","2014-05-20 14:53:40","W",92,FALSE,"sockeye"
"RLCTRP",NA,"3DD.00773E7FFF","Summer","RLCTRP","Upper Salmon","2014-05-17","Recapture","2014-05-18 08:33:00","W",101,FALSE,"sockeye"
"GOJ","ADULT FISH RETURN","3DD.00773E7FFF","Summer","RLCTRP","Upper Salmon","2014-05-17","Observation","2014-05-28 16:23:42","W",101,FALSE,"sockeye"
"GOJ","ADULT FISH RETURN","3DD.00773E7FFF","Summer","RLCTRP","Upper Salmon","2014-05-17","Observation","2014-05-28 16:23:43","W",101,FALSE,"sockeye"
